{
    "fixed": {
        "allow_repeated_recalls": 0.0,
        "learn_after_context_update": 0.0,
        "modulate_emotion_by_primacy": 0.0
    },
    "free": {
        "encoding_drift_rate": [
            2.220446049250313e-16,
            0.9999999999999998
        ],
        "start_drift_rate": [
            2.220446049250313e-16,
            0.9999999999999998
        ],
        "recall_drift_rate": [
            2.220446049250313e-16,
            0.9999999999999998
        ],
        "shared_support": [
            2.220446049250313e-16,
            100.0
        ],
        "item_support": [
            2.220446049250313e-16,
            100.0
        ],
        "learning_rate": [
            2.220446049250313e-16,
            0.9999999999999998
        ],
        "primacy_scale": [
            2.220446049250313e-16,
            100.0
        ],
        "primacy_decay": [
            2.220446049250313e-16,
            100.0
        ],
        "choice_sensitivity": [
            2.220446049250313e-16,
            100.0
        ],
        "emotion_scale": [
            2.220446049250313e-16,
            10.0
        ]
    },
    "fitness": [
        0.03239528089761734,
        0.015166583471000195,
        0.048511434346437454,
        0.017602069303393364,
        0.022660180926322937,
        0.03546826168894768,
        0.034082382917404175,
        0.025659073144197464,
        0.038689225912094116,
        0.03277324512600899,
        0.04465252906084061,
        0.016354357823729515,
        0.03132736310362816,
        0.02354729175567627,
        0.0268817450851202,
        0.034278929233551025,
        0.03688972070813179,
        0.012153512798249722,
        0.04772759601473808,
        0.030837876722216606,
        0.03902297094464302,
        0.04035590589046478,
        0.024359850212931633,
        0.028853723779320717,
        0.03656690567731857,
        0.06441991776227951,
        0.02570292353630066,
        0.03438319265842438,
        0.026167411357164383,
        0.024846922606229782,
        0.02755359373986721,
        0.016205107793211937,
        0.024502525106072426,
        0.028104981407523155,
        0.02525535598397255,
        0.02194075845181942,
        0.02963583543896675,
        0.032044291496276855
    ],
    "fits": {
        "encoding_drift_rate": [
            0.6749131358811268,
            0.7685973747120632,
            0.21357456367841277,
            0.601118976401202,
            0.7177381055654212,
            0.5387751951346426,
            0.9530161984553339,
            0.7283765998815314,
            0.4067663219048034,
            0.6105045930451627,
            0.8718462147673565,
            0.24005342364331161,
            0.8167186814109255,
            0.740688646921517,
            0.38035877906558946,
            0.458005000130399,
            0.14980990118294563,
            0.37630245540582524,
            0.586189785300845,
            0.4785853225318157,
            0.5525528843785755,
            0.4737626926516452,
            0.15815097410289636,
            0.9726968511253105,
            0.7336934037516909,
            0.46171225861689624,
            0.6312238570644837,
            0.15162368158839018,
            0.31356554359788025,
            0.8104499926665429,
            0.9609515749701573,
            0.4084480990050908,
            0.2179601628975612,
            0.185438355907327,
            0.9926274332330316,
            0.9327293286926157,
            0.6908564660070815,
            0.07461789951849929
        ],
        "start_drift_rate": [
            0.6742850831881712,
            0.36675770911953737,
            0.7216620801319147,
            0.24656541902431695,
            0.3583787492124442,
            0.1940651652904663,
            0.0019580450031436714,
            0.4916536155763817,
            0.18948115477789806,
            0.7995174504897097,
            0.11978614385788489,
            0.8177967586614083,
            0.25649350871712046,
            0.6311893169613871,
            0.010542828493311729,
            0.12188358363690804,
            0.11408103892351501,
            0.5415065064170771,
            0.9426115018843352,
            0.030747087111375304,
            0.6020039696892518,
            0.42140070961421755,
            0.0036574724912202816,
            0.336807242165557,
            0.13724249791853865,
            0.5428446279095024,
            0.8758941951087273,
            0.6506399839677854,
            0.14338401162128195,
            0.24668220210899433,
            0.9436547711819813,
            0.13243872387175576,
            0.5814933559899297,
            0.2721200319217068,
            0.007541411650219876,
            0.2896182186977577,
            0.7006582351966723,
            0.450844869646832
        ],
        "recall_drift_rate": [
            0.4235070959868018,
            0.8680312121700917,
            0.4086360808744018,
            0.8818517695207126,
            0.40070002069939326,
            0.9697014414174415,
            0.9940929019902959,
            0.7329470591433922,
            0.21748232249274385,
            0.20338990990294092,
            0.00032800739258942446,
            0.8959204272208539,
            0.5982015580631928,
            0.995695700647729,
            0.46385519626089644,
            0.3849755714531693,
            0.6695889718499278,
            0.81006015326746,
            0.7858495461396715,
            0.7510505746246282,
            0.9432704461681094,
            0.45657686235692096,
            0.3530667655177615,
            0.8789902972945416,
            0.8685333306250484,
            0.7859679529073117,
            0.4612397686025509,
            0.10148692755158961,
            0.37300523894126214,
            0.9922961527965126,
            0.6914817347083048,
            0.629572711967529,
            0.44666139097298724,
            0.04673902186432677,
            0.6318932105829116,
            0.8300670106625245,
            0.2995401080496912,
            0.37718621509047173
        ],
        "shared_support": [
            82.40271144929324,
            13.455191812247271,
            65.21026554630663,
            28.712264583610764,
            95.41579924954995,
            39.40544371961952,
            95.50461999405192,
            84.09456146285434,
            57.35751444126305,
            69.9638940768895,
            72.99798502955632,
            41.15691692938338,
            99.4150657150882,
            54.277551921267374,
            50.778379487142324,
            42.658321106107365,
            97.84812557250693,
            71.85475030823976,
            87.89933798257258,
            41.242188860634016,
            29.815420842508033,
            82.42055890391813,
            98.43567518085844,
            74.22213696373164,
            36.95437465175941,
            90.35986563210673,
            92.4532916439903,
            77.78102483935176,
            79.0791183421949,
            43.66976411909402,
            62.02664878361889,
            87.78233182011327,
            84.9214710925605,
            28.941520496407495,
            67.84350657471535,
            83.01059699929608,
            98.82994389193506,
            30.45362079593757
        ],