{
    "fixed": {
        "allow_repeated_recalls": 0.0,
        "learn_after_context_update": 0.0
    },
    "free": {
        "encoding_drift_rate": [
            2.220446049250313e-16,
            0.9999999999999998
        ],
        "start_drift_rate": [
            2.220446049250313e-16,
            0.9999999999999998
        ],
        "recall_drift_rate": [
            2.220446049250313e-16,
            0.9999999999999998
        ],
        "shared_support": [
            2.220446049250313e-16,
            100.0
        ],
        "item_support": [
            2.220446049250313e-16,
            100.0
        ],
        "learning_rate": [
            2.220446049250313e-16,
            0.9999999999999998
        ],
        "primacy_scale": [
            2.220446049250313e-16,
            100.0
        ],
        "primacy_decay": [
            2.220446049250313e-16,
            100.0
        ],
        "choice_sensitivity": [
            2.220446049250313e-16,
            100.0
        ]
    },
    "fitness": [
        283.35986328125,
        226.84500122070312,
        276.2850341796875,
        180.2567901611328,
        195.52365112304688,
        228.46023559570312,
        223.27085876464844,
        208.45654296875,
        148.36842346191406,
        207.17218017578125,
        224.90628051757812,
        199.37928771972656,
        264.19366455078125,
        258.67987060546875,
        287.48638916015625,
        169.03843688964844,
        176.7181396484375,
        155.72235107421875,
        213.99908447265625,
        179.20538330078125,
        179.06454467773438,
        238.41403198242188,
        167.41983032226562,
        259.783447265625,
        176.773681640625,
        240.2257537841797,
        224.32984924316406,
        216.84278869628906,
        250.085205078125,
        177.23617553710938,
        245.70968627929688,
        305.10247802734375,
        154.1519775390625,
        130.90921020507812,
        318.6159973144531,
        174.45443725585938,
        260.5283203125,
        143.40699768066406
    ],
    "fits": {
        "encoding_drift_rate": [
            0.7928305411037595,
            0.9808863501048353,
            0.876593609108703,
            0.9408261928049206,
            0.5391018162492247,
            0.359313514895757,
            0.9377083094343193,
            0.8000192058531,
            0.5060865196376827,
            0.999283284209456,
            0.22591019168712267,
            0.9930681255614524,
            0.9963291156405968,
            0.9583356365396466,
            0.9227353791540658,
            0.3029094432475553,
            0.9980435639816408,
            0.12672615356705114,
            0.5045461370621597,
            0.1371850936266093,
            0.7586817798073351,
            0.9938118823633323,
            0.2979372720024944,
            0.7707798684690715,
            0.889900548577783,
            0.5772749358715923,
            0.8663200775023554,
            0.15869911048929936,
            0.23132282820312305,
            0.9999874666790812,
            0.9719157213892129,
            0.8611623647503635,
            0.5138928481190616,
            0.14727069645055996,
            0.9023751158114617,
            0.13257367159140632,
            0.8694457846664676,
            0.3074847402294568
        ],
        "start_drift_rate": [
            0.8095897840124109,
            0.98272370943368,
            0.014684647909882664,
            0.9997176539220287,
            0.08526096656851262,
            0.004138165394077742,
            0.01857728834898681,
            0.5667432314218324,
            0.14862910530841095,
            0.24807227890588623,
            0.1556788383139524,
            0.003651142811493868,
            0.14049934778273426,
            0.549020298805629,
            0.12733859404249032,
            0.9358494829236492,
            0.0006267688067274624,
            0.7127750752778602,
            0.9853293991172062,
            0.4947496272055368,
            0.05794016264052315,
            0.4800491705754441,
            0.7507327662993629,
            0.0006033580004127237,
            0.0024747937909526674,
            0.686948097103847,
            0.011548696645390988,
            0.85630985576294,
            0.3913493986421636,
            0.175109414475015,
            0.8344899007553008,
            0.007871986741899983,
            0.011143406795316058,
            0.3435035909488203,
            0.3720925554839249,
            0.6684534908654305,
            0.047910545062796184,
            0.16753619502150113
        ],
        "recall_drift_rate": [
            0.9998370343008104,
            0.44802823269297726,
            0.3434953378117863,
            0.28499072965327477,
            0.37891929123926055,
            0.40455167895171107,
            0.9097224985853605,
            0.9910583019801008,
            0.11524817405290694,
            0.9426498150051608,
            0.8209083551197724,
            0.9358364953552991,
            0.0726101490063355,
            0.08346669634866527,
            0.8421352178935451,
            0.19475637351992137,
            0.5946892167646015,
            0.16731242685794223,
            0.9160721142514583,
            0.4004923463485294,
            0.9901087816083105,
            0.8092725683299529,
            0.5622146158774525,
            0.6694270113547488,
            0.9302532860545059,
            0.37581480349300683,
            0.9999167284541791,
            0.10513807596687319,
            0.6051966676441991,
            0.9679273879052924,
            0.6835402657422317,
            0.7525677282496518,
            0.9988812813586053,
            0.03389588894588702,
            0.004969379888313641,
            0.24309428597753702,
            0.0020574867168237643,
            0.9226870270156318
        ],
        "shared_support": [
            82.66274454447854,
            70.0159259995613,
            9.77767255449475,
            23.41042792833519,
            61.415276718747876,
            34.415120813343734,
            34.697053922647775,
            4.456735284716643,
            60.1723668587561,
            43.16856611483826,
            9.54198235644413,
            39.0707877041335,
            93.74940831624261,
            0.5354845452299273,
            0.14042277830047567,
            31.156358123802242,
            10.908844503323657,
            6.50092101072314,
            88.67019318916297,
            25.336530274376003,
            60.91630569401191,
            94.69646484483138,
            6.884350644802154,
            28.07413280710453,
            29.74782574533834,
            89.20707117725269,
            4.951858559743641,
            3.483008824386488,
            20.007584801124157,
            0.18234293038347715,
            0.0814030582947538,
            61.725884337966484,
            7.8421209707979145,
            20.55308088401018,
            73.86110740638993,
            76.55388293060163,
            49.61617896602935,
            53.543917873898025
        ],