{
    "fixed": {
        "allow_repeated_recalls": 0.0,
        "modulate_emotion_by_primacy": 0.0
    },
    "free": {
        "primacy_scale": [
            2.220446049250313e-16,
            100.0
        ],
        "primacy_decay": [
            2.220446049250313e-16,
            100.0
        ],
        "choice_sensitivity": [
            2.220446049250313e-16,
            100.0
        ],
        "lpp_threshold": [
            -5.0,
            5.0
        ],
        "lpp_slope": [
            2.220446049250313e-16,
            10.0
        ]
    },
    "fitness": [
        285.64447021484375,
        235.86143493652344,
        276.04095458984375,
        183.24856567382812,
        189.48377990722656,
        233.4990692138672,
        227.40963745117188,
        206.2801513671875,
        139.45513916015625,
        206.47943115234375,
        227.50941467285156,
        197.72662353515625,
        262.24371337890625,
        261.4715576171875,
        291.8025817871094,
        164.81356811523438,
        180.2458038330078,
        152.90672302246094,
        212.44427490234375,
        178.60760498046875,
        171.2108917236328,
        237.43246459960938,
        166.64657592773438,
        261.9167175292969,
        180.67236328125,
        236.08096313476562,
        226.66360473632812,
        218.76548767089844,
        251.61474609375,
        184.3649139404297,
        251.76535034179688,
        309.98394775390625,
        156.7689666748047,
        115.79728698730469,
        317.5909118652344,
        164.0229034423828,
        257.8325500488281,
        126.77603912353516
    ],
    "fits": {
        "primacy_scale": [
            42.769917226671836,
            14.3140506861441,
            78.93456160074548,
            81.74544241803784,
            4.664132267319495,
            96.98378428324075,
            13.212698996414517,
            97.13948921255528,
            0.010403584285256784,
            2.063259741812587,
            65.4306481615981,
            0.21888481397064652,
            0.020832078720509628,
            72.03786810815953,
            12.303720352358226,
            9.41441511886714,
            1.4962429046891401,
            91.95172810692512,
            0.05372066644650175,
            68.76471959371351,
            0.09803777785560897,
            14.762739184163195,
            5.216988273369751,
            0.13482887370854968,
            29.31322413303732,
            83.6262918952122,
            10.31782784407632,
            99.6216603014874,
            17.07390299268917,
            1.8174742779059798,
            92.46052313719184,
            10.268872909380441,
            0.7772492501836368,
            0.0052554392749470935,
            0.13817533082066547,
            0.5736131798233544,
            0.005129530451810638,
            0.0016519602146516377
        ],
        "primacy_decay": [
            1.9965395625648554,
            93.04253787590063,
            52.51820288329531,
            0.8436261580800704,
            0.35306284968877577,
            4.229459445903792,
            1.0888561514897788,
            0.15229874408311872,
            54.4186244136457,
            19.972087235098,
            42.170812014019,
            76.95158065813649,
            8.184917431087136,
            1.1063043139822994,
            88.35472330507616,
            72.40976330098225,
            15.796843643044625,
            68.14385324423456,
            54.302149121756315,
            17.154341008642028,
            48.00418839000779,
            17.194370543521444,
            52.41856747051541,
            51.09570978650393,
            0.29891992581456606,
            0.2867285892843725,
            1.4803478671722132,
            81.48721191152293,
            23.166472846111162,
            2.6877894330442658,
            1.6604913966271795,
            81.40875836499241,
            28.833729699954525,
            77.30773993451967,
            47.242904051216485,
            66.68914042077981,
            68.4595718507684,
            52.928786691733656
        ],
        "choice_sensitivity": [
            0.18776770123479025,
            0.34253909487890155,
            0.119986779550743,
            0.18723108233623975,
            0.2595665313356861,
            0.21819615259013148,
            0.12512777081099102,
            1.4733952369283543e-06,
            2.4933350000605614,
            0.8311439041193651,
            1.9405877438316566e-06,
            4.48334175665984,
            0.26375059738785467,
            0.0497945841575671,
            0.05507281302972444,
            0.42110672750227707,
            1.100931546616465,
            0.3809293034644412,
            0.451367691343016,
            0.27831069895807303,
            0.29435786437094436,
            0.1841590026033657,
            0.08334735727667208,
            0.18164942685074692,
            0.045773774766537656,
            0.05597173736170902,
            0.31846084912630346,
            0.0986516256261254,
            0.25763344397579147,
            0.44464075498310507,
            0.3311616118713161,
            0.305420717175501,
            0.006333371983402003,
            0.5228931233910217,
            0.8624517654622608,
            1.2830816973943442,
            0.1448147784252356,
            0.5560957578801506
        ],
        "lpp_threshold": [
            -4.988685725329878,
            -4.918780623886821,
            -3.11402207256485,
            -4.201369396203186,
            -2.391364499328067,
            -4.17930175350646,
            -3.482250526829401,
            1.5169167251765359,
            -4.996702392710825,
            -0.7274137510837025,
            -3.1160695687640896,
            -0.619848475061982,
            -1.757515190610857,
            -3.181547675672056,
            -2.846145482955972,
            -1.3955728635002607,
            -3.1516244279168806,
            -4.996892856336446,
            -2.113379024508414,
            -4.745531906632076,
            -4.968906320378727,
            -2.886757149881637,
            -1.8291348769405062,
            -3.463767708130381,
            -1.5700606786565459,
            -1.2415915775082649,
            -4.964506521473155,
            -1.957971443964207,
            1.6555122466018035,
            -1.6335362260119175,
            -4.8735659753113865,
            -2.543522319289862,
            -1.9851367027116158,
            -2.533586796468704,
            1.4544731538848743,
            -2.8987402481506486,
            -2.641467592832049,
            -2.5851193980255505
        ],
        "lpp_slope": [
            2.2964678456816143,
            0.1435444313548162,
            4.682625111967598,
            6.273565169751528,
            9.875444730978089,
            0.5964568920309636,
            1.8755655803351012,
            5.328697764129485,
            0.11015671644185066,
            0.46093635969822166,
            1.1513255690058353,
            0.09172261102556245,
            2.8258313678415394,
            1.6910936267450491,
            9.252041989312776,
            7.11080197963596,
            0.05663045188434879,
            1.5904919401415016,
            1.649626758475912,
            1.2427448788794604,
            8.720725359093255,
            3.1145046603358777,
            9.138275391574915,
            2.064080751626163,
            9.298366355830034,
            9.443677942404863,
            0.9529863307957509,
            1.614386243046479,
            0.1482075831678582,
            0.4895819400108641,
            0.9375590652788874,
            0.6911790015080097,
            9.36938362127557,
            9.619023610484167,
            0.159367248621046,
            0.540932336265918,
            9.1568601156319,
            8.305578061096899
        ],