{
    "fixed": {
        "allow_repeated_recalls": 0.0,
        "learn_after_context_update": 0.0,
        "modulate_emotion_by_primacy": 1.0
    },
    "free": {
        "encoding_drift_rate": [
            2.220446049250313e-16,
            0.9999999999999998
        ],
        "start_drift_rate": [
            2.220446049250313e-16,
            0.9999999999999998
        ],
        "recall_drift_rate": [
            2.220446049250313e-16,
            0.9999999999999998
        ],
        "shared_support": [
            2.220446049250313e-16,
            100.0
        ],
        "item_support": [
            2.220446049250313e-16,
            100.0
        ],
        "learning_rate": [
            2.220446049250313e-16,
            0.9999999999999998
        ],
        "primacy_scale": [
            2.220446049250313e-16,
            100.0
        ],
        "primacy_decay": [
            2.220446049250313e-16,
            100.0
        ],
        "choice_sensitivity": [
            2.220446049250313e-16,
            100.0
        ],
        "emotion_scale": [
            2.220446049250313e-16,
            10.0
        ]
    },
    "fitness": [
        281.92333984375,
        225.26187133789062,
        276.4125061035156,
        177.774169921875,
        187.02577209472656,
        225.09385681152344,
        220.71328735351562,
        207.9400634765625,
        135.37953186035156,
        206.957763671875,
        224.74522399902344,
        197.74266052246094,
        263.394775390625,
        258.68011474609375,
        288.1727294921875,
        170.80859375,
        171.84878540039062,
        149.30287170410156,
        208.93099975585938,
        176.48277282714844,
        171.89739990234375,
        232.65155029296875,
        168.38442993164062,
        260.30682373046875,
        179.22666931152344,
        240.58770751953125,
        225.41078186035156,
        217.42819213867188,
        247.7859344482422,
        180.30166625976562,
        245.3942108154297,
        307.40386962890625,
        155.71591186523438,
        120.58901977539062,
        310.8907775878906,
        164.87757873535156,
        260.2653503417969,
        131.40048217773438
    ],
    "fits": {
        "encoding_drift_rate": [
            0.9926391093055174,
            0.11964833927505396,
            0.9653786832813435,
            0.3800462390277734,
            0.5321760297038631,
            0.28553943468206,
            0.9966785440414148,
            0.5598662785684971,
            0.9995962787081801,
            0.7074454428467848,
            0.3617348972007747,
            0.36436464442619204,
            0.9908386261747926,
            0.9924885899294933,
            0.38098499760065524,
            0.11224818072165035,
            0.9995181664959232,
            0.9725627669207139,
            0.20803279782568396,
            0.982295037883481,
            0.01696668460823686,
            0.9865433053508288,
            0.11982758846424472,
            0.37269595061927696,
            0.2597314331928926,
            0.6572915362199867,
            0.8392531681902755,
            0.6704666043065706,
            0.9002150778136653,
            0.9997995989695114,
            0.6112669172678322,
            0.49627606558763954,
            0.11966776453242756,
            0.06281484521604368,
            0.9346187534072359,
            0.006570665183730478,
            0.9294307356125473,
            0.006035391795484291
        ],
        "start_drift_rate": [
            0.0696277420775398,
            0.9886594486851301,
            0.9472464555271725,
            0.72183502242891,
            0.9297682371694513,
            0.023199730099063065,
            0.9998485343318959,
            0.5726383021528483,
            0.0036207176244601458,
            0.02363476522404978,
            0.05420360529551438,
            0.8959796667738156,
            0.11379940400630112,
            0.5762305078169326,
            0.9170835435478375,
            0.27608013294704226,
            0.009425112888970466,
            0.03333050385557029,
            0.9996376980843501,
            0.7295379174629272,
            0.6949378116510887,
            0.3688756211173175,
            0.1557976152749493,
            0.06681767060507221,
            0.9839552479889518,
            0.9555169699957472,
            0.8268258404910926,
            0.9920248601408068,
            0.07266462514614691,
            0.3832102152313364,
            0.014550413844260035,
            0.011439808599187307,
            0.7929653090406819,
            0.14862372528517714,
            0.01950473235657907,
            0.9406197730184306,
            0.09969269381561069,
            0.27443811244244204
        ],
        "recall_drift_rate": [
            0.9938118261227209,
            0.999354355465961,
            0.16941904321717188,
            0.10672594137558307,
            0.5118331952575186,
            0.8036584789698297,
            0.6187944688472125,
            0.9948124106336731,
            0.46101779443832663,
            0.19441885961425742,
            0.8533337949795836,
            0.9997646700352016,
            0.16622853456221265,
            0.13348262608321115,
            0.6311849669357212,
            0.039106043108745284,
            0.8934411927793457,
            0.952707329451177,
            0.07016155354675885,
            0.6046507719726829,
            0.2042563706089952,
            0.9999349619614114,
            0.1892810013242871,
            0.1606249962640973,
            0.09768620876761736,
            0.9996813903541535,
            0.7926594457280571,
            0.2877388895532357,
            0.9954787914795159,
            0.9355723255856012,
            0.28299525870177006,
            0.024000923657347906,
            0.9997032011426896,
            0.43684211436514564,
            0.9999114250939684,
            0.35563957347757963,
            0.5614355142002454,
            0.19276456292964683
        ],
        "shared_support": [
            95.55808193616389,
            89.31563781564188,
            72.14609959485256,
            2.4029947798102853,
            90.95923218064767,
            0.054106798815077184,
            9.52876803989426,
            29.81488753980689,
            59.852991529791076,
            91.73677653305538,
            4.361219398533315,
            58.679466549931746,
            32.80318138659571,
            0.18160887639903223,
            6.296980845299579,
            0.12394847733801129,
            22.736135737811804,
            35.02092821296046,
            94.75010169640007,
            77.00063472033492,
            93.2053395875954,
            99.57204425364195,
            73.55633862679916,
            75.87314410771533,
            56.821731774605155,
            76.16871892255969,
            27.60214182487471,
            15.508499000215522,
            78.22118003252639,
            18.549985409391912,
            74.666531835389,
            79.28048209221983,
            92.85606162573319,
            74.81330230613315,
            0.8232219349725227,
            58.0454711582047,
            76.68727192219036,
            25.591212478363268
        ],