{
    "fixed": {
        "allow_repeated_recalls": 0.0,
        "learn_after_context_update": 0.0,
        "modulate_emotion_by_primacy": 1.0
    },
    "free": {
        "encoding_drift_rate": [
            2.220446049250313e-16,
            0.9999999999999998
        ],
        "start_drift_rate": [
            2.220446049250313e-16,
            0.9999999999999998
        ],
        "recall_drift_rate": [
            2.220446049250313e-16,
            0.9999999999999998
        ],
        "shared_support": [
            2.220446049250313e-16,
            100.0
        ],
        "item_support": [
            2.220446049250313e-16,
            100.0
        ],
        "learning_rate": [
            2.220446049250313e-16,
            0.9999999999999998
        ],
        "primacy_scale": [
            2.220446049250313e-16,
            100.0
        ],
        "primacy_decay": [
            2.220446049250313e-16,
            100.0
        ],
        "choice_sensitivity": [
            2.220446049250313e-16,
            100.0
        ],
        "emotion_scale": [
            2.220446049250313e-16,
            10.0
        ]
    },
    "fitness": [
        0.027554288506507874,
        0.016199758276343346,
        0.04641784355044365,
        0.02220304124057293,
        0.023948384448885918,
        0.03586779534816742,
        0.04324459657073021,
        0.025264594703912735,
        0.03530418127775192,
        0.031134730204939842,
        0.02834649384021759,
        0.018057337030768394,
        0.02928389608860016,
        0.024694347754120827,
        0.025323569774627686,
        0.03853129222989082,
        0.036238893866539,
        0.012659989297389984,
        0.04911701753735542,
        0.030081570148468018,
        0.03764263913035393,
        0.03401518613100052,
        0.023613495752215385,
        0.024297306314110756,
        0.033740799874067307,
        0.06105007603764534,
        0.02440819703042507,
        0.0320063941180706,
        0.023405268788337708,
        0.025573909282684326,
        0.027440715581178665,
        0.015515238046646118,
        0.025625109672546387,
        0.02311696670949459,
        0.025445718318223953,
        0.0217982679605484,
        0.027484897524118423,
        0.029448820278048515
    ],
    "fits": {
        "encoding_drift_rate": [
            0.7414791191323993,
            0.5957084130245436,
            0.1606659725698643,
            0.33946859614162483,
            0.7397260456069458,
            0.503477702785787,
            0.9265955628819307,
            0.6851113318041614,
            0.6881034705415308,
            0.21640667929124402,
            0.6760820422123859,
            0.11114772610569018,
            0.8924411947267301,
            0.774259646831721,
            0.7140510625665832,
            0.7137665969611829,
            0.5493931357428219,
            0.37880985654129606,
            0.5509011218909741,
            0.4820527823386712,
            0.42091440719843826,
            0.626686254566492,
            0.7131557835395194,
            0.588614490390528,
            0.5732473680579677,
            0.35716718046698437,
            0.6215411843437744,
            0.6342628079194408,
            0.33036304365806224,
            0.9246531660676538,
            0.6072417995236472,
            0.40120960097049085,
            0.614029413268611,
            0.2856875774677682,
            0.5856945902428189,
            0.4709272793938637,
            0.6785109957830026,
            0.5399640812893295
        ],
        "start_drift_rate": [
            0.12255808662572953,
            0.4709485342296009,
            0.9145553578973438,
            0.00017775019815352566,
            0.47665667623379426,
            0.2799015697254963,
            0.5476352697699134,
            0.33118253339917014,
            0.18559397872072042,
            0.18317493853239603,
            0.02925881442542605,
            0.5897210683186983,
            0.8562067549935044,
            0.6662302481908731,
            0.7499689692979955,
            0.790691614334312,
            0.17421848952675484,
            0.5611276323140519,
            0.6998630330046312,
            0.019092611924402814,
            0.14048576745622343,
            0.8849820267518478,
            0.4488733405880075,
            0.3643529902221899,
            0.9104823693302369,
            0.9232286593491084,
            0.8918860851170836,
            0.9466184099738446,
            0.7419163877199898,
            0.4053948541019783,
            0.40522206884600437,
            0.026288167088165615,
            0.011229316547001378,
            0.5724212906182329,
            0.4944028854907193,
            0.0005104557696272716,
            0.05433378582756204,
            0.8854914282725153
        ],
        "recall_drift_rate": [
            0.44289963528549114,
            0.7935127428489565,
            0.617840619567684,
            0.6994053594523014,
            0.40537880606266685,
            0.8572701640383518,
            0.7291515596391632,
            0.6695504807016635,
            0.6433771607263652,
            0.5357818303615931,
            0.4401154186656794,
            0.8058669390670192,
            0.40593633715090105,
            0.9850006761129492,
            0.9979821516071117,
            0.9031449964884117,
            0.9061464518006228,
            0.8126529205148207,
            0.9029385421815432,
            0.7588592003303024,
            0.46874778408710116,
            0.5719602891652151,
            0.5055688479297882,
            0.8711102851436905,
            0.8169414095002798,
            0.11103021031514199,
            0.4099696534531619,
            0.9781573921564319,
            0.38614519958701143,
            0.9925733405720323,
            0.28123797849228327,
            0.5834177462065612,
            0.6996656741482069,
            0.13197832356257883,
            0.3639121050795321,
            0.9879905526272545,
            0.32051394448108883,
            0.3954711961661657
        ],
        "shared_support": [
            72.90346149353422,
            45.161183538888444,
            46.16846986422497,
            65.34251378317688,
            60.65496765172912,
            23.202038149495728,
            94.17028791431821,
            67.02329165196792,
            25.01039741278993,
            28.278900412625248,
            4.2544758282661945,
            99.12271127145101,
            99.54454687380003,
            55.075526984544766,
            92.54801363887894,
            51.940527802254856,
            94.08722976133193,
            56.91891271282397,
            64.55891232935024,
            44.964696820951964,
            17.471213481679193,
            61.004545276999956,
            0.3646270700410099,
            29.594724465937066,
            29.614245809073076,
            75.04687674634218,
            82.15235194913552,
            37.46348122742714,
            74.14699221937637,
            60.27672679215597,
            77.34043698179761,
            89.3619774123769,
            57.9706483105131,
            41.23147899934862,
            77.14130744897759,
            35.38070345349261,
            60.664150733833154,
            60.10952127496822
        ],