{
    "fixed": {
        "allow_repeated_recalls": 0.0,
        "learn_after_context_update": 0.0,
        "modulate_emotion_by_primacy": 1.0
    },
    "free": {
        "encoding_drift_rate": [
            2.220446049250313e-16,
            0.9999999999999998
        ],
        "start_drift_rate": [
            2.220446049250313e-16,
            0.9999999999999998
        ],
        "recall_drift_rate": [
            2.220446049250313e-16,
            0.9999999999999998
        ],
        "shared_support": [
            2.220446049250313e-16,
            100.0
        ],
        "item_support": [
            2.220446049250313e-16,
            100.0
        ],
        "learning_rate": [
            2.220446049250313e-16,
            0.9999999999999998
        ],
        "primacy_scale": [
            2.220446049250313e-16,
            100.0
        ],
        "primacy_decay": [
            2.220446049250313e-16,
            100.0
        ],
        "choice_sensitivity": [
            2.220446049250313e-16,
            100.0
        ],
        "emotion_scale": [
            2.220446049250313e-16,
            10.0
        ]
    },
    "fitness": [
        280.8401794433594,
        227.15188598632812,
        276.6690368652344,
        176.81016540527344,
        188.0234375,
        226.3995819091797,
        223.3839569091797,
        207.00770568847656,
        135.94003295898438,
        207.83206176757812,
        225.1467742919922,
        198.2225341796875,
        263.8761901855469,
        258.9952697753906,
        286.9058532714844,
        167.8472900390625,
        176.95774841308594,
        149.65220642089844,
        209.57777404785156,
        179.02735900878906,
        170.66128540039062,
        236.0925750732422,
        168.314453125,
        259.79833984375,
        181.3786163330078,
        240.264892578125,
        225.77755737304688,
        216.5894775390625,
        249.36575317382812,
        177.63626098632812,
        244.44790649414062,
        301.7675476074219,
        155.64002990722656,
        117.62187957763672,
        318.79010009765625,
        167.5912628173828,
        255.30780029296875,
        130.71585083007812
    ],
    "fits": {
        "encoding_drift_rate": [
            0.6488753699639711,
            0.9820073521629753,
            0.8964122613064289,
            0.9453058255174746,
            0.5712880378086868,
            0.49931922710067356,
            0.9322619521698661,
            0.7667624728639206,
            0.999692385197658,
            0.4734716576252983,
            0.42802449667250775,
            0.2804854432946659,
            0.9882003888914442,
            0.9359203047826468,
            0.943989544173808,
            0.22740598617596053,
            0.9998509960542253,
            0.96298101528317,
            0.47080376832062704,
            0.20460678881244804,
            0.2910401123509436,
            0.9593938447333518,
            0.07471330107021651,
            0.8134475620217834,
            0.9992277591859653,
            0.5291481331038236,
            0.9979503075653704,
            0.39041692204329514,
            0.214441649814213,
            0.9996171961380951,
            0.8001385730416037,
            0.836828113764589,
            0.6524521270320063,
            0.13004986231470117,
            0.9905151585811236,
            0.10449950130085445,
            0.4323723633914158,
            0.2607729005618321
        ],
        "start_drift_rate": [
            0.051488340158084234,
            0.5633474397648263,
            0.2925439198175589,
            0.9973723450583832,
            0.9812959276076312,
            0.8835603787957502,
            0.05965066844639044,
            0.2544588555429174,
            0.0034551027497241593,
            0.36777117258635195,
            0.23822326553866946,
            0.9696646786804701,
            0.49334596537486974,
            0.808614734933966,
            0.17904891073356038,
            0.9900147740667876,
            0.1513023203174878,
            0.12360579522004067,
            0.9983853178366359,
            0.5378476538262448,
            0.9998694329259293,
            0.017907126241579863,
            0.3722852768824955,
            0.006515037711560755,
            0.17679876592179194,
            0.746146576135002,
            0.7918980075462707,
            0.837645496678149,
            0.8807482003605598,
            0.12027828570826066,
            0.7054779722847445,
            0.013936557855112386,
            0.10800729005737214,
            0.3721792671774666,
            0.06255551571034185,
            0.14974945543613782,
            0.9925639891097532,
            0.9933182971543308
        ],
        "recall_drift_rate": [
            0.9999999999999998,
            0.004382208069616294,
            0.48616298624228615,
            0.4601616119298848,
            0.11140157378550414,
            0.9935824185094875,
            0.9063810794986265,
            0.9992018180307551,
            0.37645712283388344,
            0.009855128859610929,
            0.8864268205986086,
            0.9982925378409979,
            0.002956567154982659,
            0.08932018848329082,
            0.8432428159067591,
            0.15572277519489264,
            0.34177637451625864,
            0.5259591708574858,
            0.928129806445045,
            0.33010412295565383,
            0.2682295833078032,
            0.7368143623364706,
            0.41074872946185514,
            0.7223242678054789,
            0.7834986975168413,
            0.3098800394179132,
            0.9991384450676066,
            0.12703958657948794,
            0.7418682048070318,
            0.9921569436436571,
            0.33818251267340116,
            0.6670593695024167,
            0.8030862228588926,
            0.9890069954096888,
            0.011546481910026052,
            0.027737765976336315,
            0.11373744279518966,
            0.4880048399076673
        ],
        "shared_support": [
            17.45568093388762,
            73.86019005916026,
            10.931402811280954,
            51.06007180971105,
            95.67490877396082,
            62.092907995344675,
            31.64408639555284,
            4.597813113879575,
            89.6697863325584,
            95.94795724041124,
            3.321378264084366,
            83.72490059439099,
            66.92474833572275,
            0.4530801206103021,
            0.33525058708865885,
            13.739454335539456,
            79.20976771621984,
            79.77638771192565,
            77.10808716691406,
            3.8972221528905138,
            95.87077339081125,
            66.53029014609136,
            48.97938574057943,
            23.201478393446216,
            79.99767372408559,
            95.64308768133338,
            61.0808432755879,
            0.01353033023557515,
            96.95874849894813,
            37.581917870022004,
            11.354757346597353,
            72.32532459618308,
            2.3826574684334716,
            91.60221381563585,
            96.49804078103759,
            6.247270458141664,
            29.23502686121195,
            22.565322465958314
        ],