{
    "fixed": {
        "allow_repeated_recalls": 0.0,
        "learn_after_context_update": 0.0,
        "modulate_emotion_by_primacy": 0.0
    },
    "free": {
        "encoding_drift_rate": [
            2.220446049250313e-16,
            0.9999999999999998
        ],
        "start_drift_rate": [
            2.220446049250313e-16,
            0.9999999999999998
        ],
        "recall_drift_rate": [
            2.220446049250313e-16,
            0.9999999999999998
        ],
        "shared_support": [
            2.220446049250313e-16,
            100.0
        ],
        "item_support": [
            2.220446049250313e-16,
            100.0
        ],
        "learning_rate": [
            2.220446049250313e-16,
            0.9999999999999998
        ],
        "primacy_scale": [
            2.220446049250313e-16,
            100.0
        ],
        "primacy_decay": [
            2.220446049250313e-16,
            100.0
        ],
        "choice_sensitivity": [
            2.220446049250313e-16,
            100.0
        ],
        "emotion_scale": [
            2.220446049250313e-16,
            10.0
        ]
    },
    "fitness": [
        279.3697509765625,
        225.42344665527344,
        266.88739013671875,
        176.90074157714844,
        189.2565460205078,
        227.58245849609375,
        223.5120086669922,
        207.42373657226562,
        136.40780639648438,
        203.60751342773438,
        225.32374572753906,
        199.44436645507812,
        262.750244140625,
        259.3223571777344,
        287.4713439941406,
        165.5050811767578,
        174.19833374023438,
        151.43356323242188,
        210.98272705078125,
        177.21200561523438,
        167.80496215820312,
        235.68096923828125,
        167.63626098632812,
        258.81591796875,
        176.20156860351562,
        240.26666259765625,
        223.49497985839844,
        216.75135803222656,
        247.7643585205078,
        176.49209594726562,
        243.94183349609375,
        305.1209411621094,
        154.14984130859375,
        113.71520233154297,
        318.51129150390625,
        164.5062255859375,
        256.2950744628906,
        127.98326873779297
    ],
    "fits": {
        "encoding_drift_rate": [
            0.6755083105222397,
            0.9845742427881916,
            0.9823722623768575,
            0.4616376632634444,
            0.0013597168229727563,
            0.3885252047385286,
            0.9219496730690513,
            0.66697688640549,
            0.3861292565234512,
            0.9997000680498568,
            0.3375746630111153,
            0.9532352531371125,
            0.986536381780425,
            0.981191115346543,
            0.9376501147513632,
            0.3286103579091105,
            0.9990283860015292,
            0.23152360651266657,
            0.04475816259076498,
            0.4283633212836424,
            0.1276929148539417,
            0.9640126280549779,
            0.3874097489175902,
            0.8440342204503422,
            0.9321161832891796,
            0.597394088794001,
            0.9361667737256387,
            0.4799536193395342,
            0.9932488465846934,
            0.9419418650582146,
            0.8863840593108003,
            0.8543761278169217,
            0.6798758320884023,
            0.07103175351942274,
            0.9122039828787798,
            0.37819814232125865,
            0.36386505064678204,
            0.42899211044632735
        ],
        "start_drift_rate": [
            0.07202720883410602,
            0.9758904579243082,
            0.0016770373122941273,
            0.0021369232327001337,
            0.5683931369254599,
            0.019401388176137957,
            0.16545175656200267,
            0.8704930323968307,
            0.9890427697929687,
            0.7347174989546346,
            0.7070864795009976,
            0.006428146251907962,
            0.010841091718021778,
            0.4835038230123921,
            0.00613821957646743,
            0.9309992195189343,
            0.017352648421227856,
            0.7592257483299572,
            0.9987084705858863,
            0.085871402860414,
            0.9346047459805698,
            0.3513705207897376,
            0.22379978403062972,
            0.001156671719735991,
            0.0007573540548659885,
            0.2549081439517966,
            0.00043526379551050987,
            0.8386835023977348,
            0.9955983045112662,
            0.9139786316114475,
            0.625381684687609,
            0.016322928051121566,
            0.02864723923485185,
            0.9999981552711902,
            0.15611533198711297,
            0.09726027410688604,
            0.9835764369674099,
            0.25032402537569376
        ],
        "recall_drift_rate": [
            0.9895253225681521,
            0.34365943057213355,
            0.005827104554235463,
            0.008204991913189408,
            0.6970947816674725,
            0.5219404152693833,
            0.908109662865789,
            0.9143170221872559,
            0.08394992145737445,
            0.8786377872481688,
            0.1453736973090703,
            0.9599077628041617,
            0.22997597761121008,
            0.17459903180747866,
            0.8300034193758115,
            0.16194448817712837,
            0.0022558415233024376,
            0.09473712247227023,
            0.37379899886747986,
            0.010724143926202023,
            0.6507912805199882,
            0.16741106133381917,
            0.6800167619254328,
            0.7539563341764521,
            0.00034098237470309156,
            0.4248848806992158,
            0.8114437701667193,
            0.20024274191735564,
            0.47741784877855037,
            0.9995701870363635,
            0.516629423623574,
            0.7736915955718627,
            0.9991018844508406,
            0.9986016587334757,
            0.0024527764679812547,
            0.01361039394726854,
            0.17205331353507597,
            0.9998146724681557
        ],
        "shared_support": [
            90.31447253988348,
            67.25718166974113,
            0.6171480066112025,
            5.06745135026361,
            2.3527966821533823,
            47.722297774537594,
            46.953071917190734,
            0.03277574657348481,
            45.298221446257905,
            89.7061645535112,
            52.26573185665222,
            85.8448197787383,
            72.21166839378297,
            0.40310567112181417,
            0.3682699690200266,
            28.35886259647898,
            1.2801514854810492,
            41.80593889168828,
            84.6242091635282,
            31.260107284498474,
            84.60809150108881,
            34.67968143127147,
            16.53655795562787,
            47.058890992476265,
            9.681032614830734,
            95.53542155281764,
            58.14120090912355,
            0.097860750584843,
            34.48595861330295,
            61.989531104521454,
            0.29168215250313523,
            60.79036846376792,
            0.40333961853639266,
            86.71507860283876,
            71.71330986021141,
            76.55062336772679,
            19.094883418112108,
            82.88939804660018
        ],