{
  "fixed": {
    "allow_repeated_recalls": 0.0,
    "learn_after_context_update": 1.0,
    "emotion_scale": 1.0,
    "lpp_main_scale": 0.0,
    "lpp_inter_scale": 0.0,
    "source_recall_drift_rate": 1.0,
    "phi_emot_modulates_temporal": 0.0
  },
  "free": {
    "encoding_drift_rate": [
      2.220446049250313e-16,
      0.9999999999999998
    ],
    "start_drift_rate": [
      2.220446049250313e-16,
      0.9999999999999998
    ],
    "recall_drift_rate": [
      2.220446049250313e-16,
      0.9999999999999998
    ],
    "shared_support": [
      2.220446049250313e-16,
      100.0
    ],
    "item_support": [
      2.220446049250313e-16,
      100.0
    ],
    "learning_rate": [
      2.220446049250313e-16,
      0.9999999999999998
    ],
    "primacy_scale": [
      2.220446049250313e-16,
      100.0
    ],
    "primacy_decay": [
      2.220446049250313e-16,
      100.0
    ],
    "choice_sensitivity": [
      2.220446049250313e-16,
      100.0
    ],
    "source_encoding_drift_rate": [
      2.220446049250313e-16,
      0.9999999999999998
    ],
    "source_learning_rate": [
      2.220446049250313e-16,
      10.0
    ]
  },
  "fitness": [
    8312.4013671875
  ],
  "fits": {
    "allow_repeated_recalls": [
      0.0
    ],
    "learn_after_context_update": [
      1.0
    ],
    "emotion_scale": [
      1.0
    ],
    "lpp_main_scale": [
      0.0
    ],
    "lpp_inter_scale": [
      0.0
    ],
    "source_recall_drift_rate": [
      1.0
    ],
    "phi_emot_modulates_temporal": [
      0.0
    ],
    "encoding_drift_rate": [
      0.7185114622116089
    ],
    "start_drift_rate": [
      0.9972596764564514
    ],
    "recall_drift_rate": [
      0.42502686381340027
    ],
    "shared_support": [
      0.3049755394458771
    ],
    "item_support": [
      23.840368270874023
    ],
    "learning_rate": [
      0.2887040078639984
    ],
    "primacy_scale": [
      1.33889901638031
    ],
    "primacy_decay": [
      82.53983306884766
    ],
    "choice_sensitivity": [
      0.6463806629180908
    ],
    "source_encoding_drift_rate": [
      0.06053470820188522
    ],
    "source_learning_rate": [
      1.8797249794006348
    ],
    "subject": [
      -1
    ]
  },
  "nit": [
    111
  ],
  "converged": [
    true
  ],
  "hyperparameters": {
    "bounds": {
      "encoding_drift_rate": [
        2.220446049250313e-16,
        0.9999999999999998
      ],
      "start_drift_rate": [
        2.220446049250313e-16,
        0.9999999999999998
      ],
      "recall_drift_rate": [
        2.220446049250313e-16,
        0.9999999999999998
      ],
      "shared_support": [
        2.220446049250313e-16,
        100.0
      ],
      "item_support": [
        2.220446049250313e-16,
        100.0
      ],
      "learning_rate": [
        2.220446049250313e-16,
        0.9999999999999998
      ],
      "primacy_scale": [
        2.220446049250313e-16,
        100.0
      ],
      "primacy_decay": [
        2.220446049250313e-16,
        100.0
      ],
      "choice_sensitivity": [
        2.220446049250313e-16,
        100.0
      ],
      "source_encoding_drift_rate": [
        2.220446049250313e-16,
        0.9999999999999998
      ],
      "source_learning_rate": [
        2.220446049250313e-16,
        10.0
      ]
    },
    "num_steps": 1000,
    "pop_size": 15,
    "population_size": 165,
    "relative_tolerance": 0.0001,
    "absolute_tolerance": 0.0,
    "cross_over_rate": 0.9,
    "diff_w": [
      0.5,
      1.0
    ],
    "best_of": 3,
    "init": "latinhypercube",
    "boundary_handling": "resample",
    "seed": 0,
    "nonfinite_penalty": 1e+30
  },
  "fit_time": 16844.690688907955,
  "run_tag": "pooled_evosax_set_likelihood_best_of_3",
  "data_tag": "TalmiEEG",
  "data_path": "data/TalmiEEG.h5",
  "data_sha256": "99d30444c9755fa98ad8a346448708efa5ecac60b00744e6326eb8b8d9ac4439",
  "trial_query": "data['list_type'] == 0",
  "model": "CategoryOnly_eCMR",
  "name": "CategoryOnly_eCMR_best_of_3",
  "components": {
    "mfc_create_fn": "jaxcmr.components.linear_memory.init_mfc",
    "mcf_create_fn": "jaxcmr.components.linear_memory.init_mcf",
    "context_create_fn": "jaxcmr.components.context.init",
    "termination_policy_create_fn": "jaxcmr.components.termination.NoStopTermination"
  },
  "fit_algorithm": "jaxcmr.fitting.EvosaxDE",
  "loss_function": "jaxcmr.loss.set_permutation_likelihood.ExcludeTerminationLikelihoodLoss",
  "model_factory": "lpp_ecmr.models.full_eeg_ecmr.make_factory",
  "embedding_path": "",
  "emotion_feature_path": "",
  "concat_features": "False",
  "source_sha256": {
    "lpp_ecmr/model_comparison_registry.py": "74571d6cc02f70b1a0760148250c5f50f4df17d88e25c9cf5a92312c96fad1fb",
    "lpp_ecmr/models/learning_strength.py": "cd4cd64afca20aca38e25deff2e358d4563fd303311e43de128ad659142b2eaf",
    "lpp_ecmr/models/single_eeg_ecmr.py": "41b1d147ff9a3f1e6e479b9f2de3f97c61f21a2fd80dac9e67725dc03f929eed",
    "lpp_ecmr/models/full_eeg_ecmr.py": "65ea1e6f4d9f7d07d152b3177e3af67887d07bafb50f5d57306a382e2eae3bb9",
    "jaxcmr/components/context.py": "e7072751d5bd534e713051490fd66e1833d7698da21f03fa1a500e84060a9ee8",
    "jaxcmr/fitting/evosax.py": "2e6f6d1ce5d534043d78cc3d6afbcebe3711d9ec618ccadeb635e4a2efdb5fc4",
    "jaxcmr/loss/set_permutation_likelihood.py": "b175b12a00741ac168537938261f07dc001e4cf4fd8b1153986b7ee188a4a4b4"
  },
  "restart_selection": {
    "winner": 1,
    "fitness": [
      8313.904296875,
      8312.4013671875,
      8313.791015625
    ],
    "iterations": [
      78,
      111,
      78
    ],
    "converged": [
      true,
      true,
      true
    ],
    "fit_time": [
      4627.449150847999,
      8674.018495041004,
      3543.223043018952
    ],
    "source_files": [
      "CategoryOnly_eCMR_restart_0.json",
      "CategoryOnly_eCMR_restart_1.json",
      "CategoryOnly_eCMR_restart_2.json"
    ],
    "selection_rule": "minimum finite fitness, then lowest restart index"
  }
}
