{
    "fixed": {
        "allow_repeated_recalls": 0.0,
        "learn_after_context_update": 1.0,
        "emotion_scale": 1.0,
        "source_recall_drift_rate": 1.0,
        "phi_emot_modulates_temporal": 0.0
    },
    "free": {
        "encoding_drift_rate": [
            2.220446049250313e-16,
            0.9999999999999998
        ],
        "start_drift_rate": [
            2.220446049250313e-16,
            0.9999999999999998
        ],
        "recall_drift_rate": [
            2.220446049250313e-16,
            0.9999999999999998
        ],
        "shared_support": [
            2.220446049250313e-16,
            100.0
        ],
        "item_support": [
            2.220446049250313e-16,
            100.0
        ],
        "learning_rate": [
            2.220446049250313e-16,
            0.9999999999999998
        ],
        "primacy_scale": [
            2.220446049250313e-16,
            100.0
        ],
        "primacy_decay": [
            2.220446049250313e-16,
            100.0
        ],
        "choice_sensitivity": [
            2.220446049250313e-16,
            100.0
        ],
        "lpp_main_scale": [
            0.0,
            0.21454430108484696
        ],
        "lpp_inter_scale": [
            0.0,
            0.21454430108484696
        ],
        "source_encoding_drift_rate": [
            2.220446049250313e-16,
            0.9999999999999998
        ],
        "source_learning_rate": [
            2.220446049250313e-16,
            10.0
        ]
    },
    "fitness": [
        8283.9580078125
    ],
    "fits": {
        "allow_repeated_recalls": [
            0.0
        ],
        "learn_after_context_update": [
            1.0
        ],
        "emotion_scale": [
            1.0
        ],
        "source_recall_drift_rate": [
            1.0
        ],
        "phi_emot_modulates_temporal": [
            0.0
        ],
        "encoding_drift_rate": [
            0.6391890645027161
        ],
        "start_drift_rate": [
            0.9992769956588745
        ],
        "recall_drift_rate": [
            0.1968233734369278
        ],
        "shared_support": [
            6.421429634094238
        ],
        "item_support": [
            29.36248207092285
        ],
        "learning_rate": [
            0.4833521246910095
        ],
        "primacy_scale": [
            0.2966429591178894
        ],
        "primacy_decay": [
            1.0566660165786743
        ],
        "choice_sensitivity": [
            3.139051914215088
        ],
        "lpp_main_scale": [
            0.001683658454567194
        ],
        "lpp_inter_scale": [
            0.1056194081902504
        ],
        "source_encoding_drift_rate": [
            0.0480734258890152
        ],
        "source_learning_rate": [
            6.949695587158203
        ],
        "subject": [
            -1
        ]
    },
    "nit": [
        146
    ],
    "converged": [
        true
    ],
    "hyperparameters": {
        "bounds": {
            "encoding_drift_rate": [
                2.220446049250313e-16,
                0.9999999999999998
            ],
            "start_drift_rate": [
                2.220446049250313e-16,
                0.9999999999999998
            ],
            "recall_drift_rate": [
                2.220446049250313e-16,
                0.9999999999999998
            ],
            "shared_support": [
                2.220446049250313e-16,
                100.0
            ],
            "item_support": [
                2.220446049250313e-16,
                100.0
            ],
            "learning_rate": [
                2.220446049250313e-16,
                0.9999999999999998
            ],
            "primacy_scale": [
                2.220446049250313e-16,
                100.0
            ],
            "primacy_decay": [
                2.220446049250313e-16,
                100.0
            ],
            "choice_sensitivity": [
                2.220446049250313e-16,
                100.0
            ],
            "lpp_main_scale": [
                0.0,
                0.21454430108484696
            ],
            "lpp_inter_scale": [
                0.0,
                0.21454430108484696
            ],
            "source_encoding_drift_rate": [
                2.220446049250313e-16,
                0.9999999999999998
            ],
            "source_learning_rate": [
                2.220446049250313e-16,
                10.0
            ]
        },
        "num_steps": 1000,
        "pop_size": 15,
        "population_size": 195,
        "relative_tolerance": 0.0001,
        "absolute_tolerance": 0.0,
        "cross_over_rate": 0.9,
        "diff_w": [
            0.5,
            1.0
        ],
        "best_of": 3,
        "init": "latinhypercube",
        "boundary_handling": "resample",
        "seed": 0,
        "nonfinite_penalty": 1e+30
    },
    "fit_time": 26928.171473295002,
    "run_tag": "pooled_evosax_set_likelihood_best_of_3",
    "data_tag": "TalmiEEG",
    "trial_query": "data['subject'] > -1",
    "model": "CategoryOnly_eCMR_LPP_Full",
    "name": "CategoryOnly_eCMR_LPP_Full_best_of_3",
    "components": {
        "mfc_create_fn": "jaxcmr.components.linear_memory.init_mfc",
        "mcf_create_fn": "jaxcmr.components.linear_memory.init_mcf",
        "context_create_fn": "jaxcmr.components.context.init",
        "termination_policy_create_fn": "jaxcmr.components.termination.NoStopTermination"
    },
    "fit_algorithm": "jaxcmr.fitting.EvosaxDE",
    "loss_function": "jaxcmr.loss.set_permutation_likelihood.ExcludeTerminationLikelihoodLoss",
    "model_factory": "lpp_ecmr.models.full_eeg_ecmr.make_factory",
    "embedding_path": "",
    "emotion_feature_path": "",
    "feature_column": "6",
    "concat_features": "False"
}