{
    "fixed": {
        "allow_repeated_recalls": 0.0,
        "learn_after_context_update": 1.0,
        "source_recall_drift_rate": 1.0,
        "phi_emot_modulates_temporal": 0.0
    },
    "free": {
        "encoding_drift_rate": [
            2.220446049250313e-16,
            0.9999999999999998
        ],
        "start_drift_rate": [
            2.220446049250313e-16,
            0.9999999999999998
        ],
        "recall_drift_rate": [
            2.220446049250313e-16,
            0.9999999999999998
        ],
        "shared_support": [
            2.220446049250313e-16,
            100.0
        ],
        "item_support": [
            2.220446049250313e-16,
            100.0
        ],
        "learning_rate": [
            2.220446049250313e-16,
            0.9999999999999998
        ],
        "primacy_scale": [
            2.220446049250313e-16,
            100.0
        ],
        "primacy_decay": [
            2.220446049250313e-16,
            100.0
        ],
        "choice_sensitivity": [
            2.220446049250313e-16,
            100.0
        ],
        "emotion_scale": [
            2.220446049250313e-16,
            10.0
        ],
        "lpp_main_scale": [
            0.0,
            0.21454430108484696
        ],
        "lpp_inter_scale": [
            0.0,
            0.21454430108484696
        ],
        "source_encoding_drift_rate": [
            2.220446049250313e-16,
            0.9999999999999998
        ],
        "source_learning_rate": [
            2.220446049250313e-16,
            10.0
        ]
    },
    "fitness": [
        8241.603515625
    ],
    "fits": {
        "allow_repeated_recalls": [
            0.0
        ],
        "learn_after_context_update": [
            1.0
        ],
        "source_recall_drift_rate": [
            1.0
        ],
        "phi_emot_modulates_temporal": [
            0.0
        ],
        "encoding_drift_rate": [
            0.7526938319206238
        ],
        "start_drift_rate": [
            0.9999171495437622
        ],
        "recall_drift_rate": [
            0.14938905835151672
        ],
        "shared_support": [
            7.5664544105529785
        ],
        "item_support": [
            61.35744857788086
        ],
        "learning_rate": [
            0.26261141896247864
        ],
        "primacy_scale": [
            0.7354971766471863
        ],
        "primacy_decay": [
            0.8523863554000854
        ],
        "choice_sensitivity": [
            1.7813348770141602
        ],
        "emotion_scale": [
            1.7822833061218262
        ],
        "lpp_main_scale": [
            0.006866815034300089
        ],
        "lpp_inter_scale": [
            0.1155889481306076
        ],
        "source_encoding_drift_rate": [
            0.09063605219125748
        ],
        "source_learning_rate": [
            3.5453085899353027
        ],
        "subject": [
            -1
        ]
    },
    "nit": [
        119
    ],
    "converged": [
        true
    ],
    "hyperparameters": {
        "bounds": {
            "encoding_drift_rate": [
                2.220446049250313e-16,
                0.9999999999999998
            ],
            "start_drift_rate": [
                2.220446049250313e-16,
                0.9999999999999998
            ],
            "recall_drift_rate": [
                2.220446049250313e-16,
                0.9999999999999998
            ],
            "shared_support": [
                2.220446049250313e-16,
                100.0
            ],
            "item_support": [
                2.220446049250313e-16,
                100.0
            ],
            "learning_rate": [
                2.220446049250313e-16,
                0.9999999999999998
            ],
            "primacy_scale": [
                2.220446049250313e-16,
                100.0
            ],
            "primacy_decay": [
                2.220446049250313e-16,
                100.0
            ],
            "choice_sensitivity": [
                2.220446049250313e-16,
                100.0
            ],
            "emotion_scale": [
                2.220446049250313e-16,
                10.0
            ],
            "lpp_main_scale": [
                0.0,
                0.21454430108484696
            ],
            "lpp_inter_scale": [
                0.0,
                0.21454430108484696
            ],
            "source_encoding_drift_rate": [
                2.220446049250313e-16,
                0.9999999999999998
            ],
            "source_learning_rate": [
                2.220446049250313e-16,
                10.0
            ]
        },
        "num_steps": 1000,
        "pop_size": 15,
        "population_size": 210,
        "relative_tolerance": 0.0001,
        "absolute_tolerance": 0.0,
        "cross_over_rate": 0.9,
        "diff_w": [
            0.5,
            1.0
        ],
        "best_of": 3,
        "init": "latinhypercube",
        "boundary_handling": "resample",
        "seed": 0,
        "nonfinite_penalty": 1e+30
    },
    "fit_time": 20229.171499029002,
    "run_tag": "pooled_evosax_set_likelihood_best_of_3",
    "data_tag": "TalmiEEG",
    "trial_query": "data['subject'] > -1",
    "model": "EEM_eCMR_LPP_Full",
    "name": "EEM_eCMR_LPP_Full_best_of_3",
    "components": {
        "mfc_create_fn": "jaxcmr.components.linear_memory.init_mfc",
        "mcf_create_fn": "jaxcmr.components.linear_memory.init_mcf",
        "context_create_fn": "jaxcmr.components.context.init",
        "termination_policy_create_fn": "jaxcmr.components.termination.NoStopTermination"
    },
    "fit_algorithm": "jaxcmr.fitting.EvosaxDE",
    "loss_function": "jaxcmr.loss.set_permutation_likelihood.ExcludeTerminationLikelihoodLoss",
    "model_factory": "lpp_ecmr.models.full_eeg_ecmr.make_factory",
    "embedding_path": "",
    "emotion_feature_path": "",
    "feature_column": "6",
    "concat_features": "False"
}