{
    "fixed": {
        "allow_repeated_recalls": 0.0,
        "learn_after_context_update": 1.0,
        "lpp_inter_scale": 0.0,
        "source_recall_drift_rate": 1.0,
        "phi_emot_modulates_temporal": 0.0
    },
    "free": {
        "encoding_drift_rate": [
            2.220446049250313e-16,
            0.9999999999999998
        ],
        "start_drift_rate": [
            2.220446049250313e-16,
            0.9999999999999998
        ],
        "recall_drift_rate": [
            2.220446049250313e-16,
            0.9999999999999998
        ],
        "shared_support": [
            2.220446049250313e-16,
            100.0
        ],
        "item_support": [
            2.220446049250313e-16,
            100.0
        ],
        "learning_rate": [
            2.220446049250313e-16,
            0.9999999999999998
        ],
        "primacy_scale": [
            2.220446049250313e-16,
            100.0
        ],
        "primacy_decay": [
            2.220446049250313e-16,
            100.0
        ],
        "choice_sensitivity": [
            2.220446049250313e-16,
            100.0
        ],
        "emotion_scale": [
            2.220446049250313e-16,
            10.0
        ],
        "lpp_main_scale": [
            0.0,
            0.21454430108484696
        ],
        "source_encoding_drift_rate": [
            2.220446049250313e-16,
            0.9999999999999998
        ],
        "source_learning_rate": [
            2.220446049250313e-16,
            10.0
        ]
    },
    "fitness": [
        8251.12109375
    ],
    "fits": {
        "allow_repeated_recalls": [
            0.0
        ],
        "learn_after_context_update": [
            1.0
        ],
        "lpp_inter_scale": [
            0.0
        ],
        "source_recall_drift_rate": [
            1.0
        ],
        "phi_emot_modulates_temporal": [
            0.0
        ],
        "encoding_drift_rate": [
            0.000841599190607667
        ],
        "start_drift_rate": [
            0.031218037009239197
        ],
        "recall_drift_rate": [
            0.05141337215900421
        ],
        "shared_support": [
            74.64476776123047
        ],
        "item_support": [
            48.97935104370117
        ],
        "learning_rate": [
            0.2843874394893646
        ],
        "primacy_scale": [
            2.355757474899292
        ],
        "primacy_decay": [
            2.1188735961914062
        ],
        "choice_sensitivity": [
            1.1907942295074463
        ],
        "emotion_scale": [
            7.524982452392578
        ],
        "lpp_main_scale": [
            0.20798726379871368
        ],
        "source_encoding_drift_rate": [
            0.7258358001708984
        ],
        "source_learning_rate": [
            1.0371969938278198
        ],
        "subject": [
            -1
        ]
    },
    "nit": [
        101
    ],
    "converged": [
        true
    ],
    "hyperparameters": {
        "bounds": {
            "encoding_drift_rate": [
                2.220446049250313e-16,
                0.9999999999999998
            ],
            "start_drift_rate": [
                2.220446049250313e-16,
                0.9999999999999998
            ],
            "recall_drift_rate": [
                2.220446049250313e-16,
                0.9999999999999998
            ],
            "shared_support": [
                2.220446049250313e-16,
                100.0
            ],
            "item_support": [
                2.220446049250313e-16,
                100.0
            ],
            "learning_rate": [
                2.220446049250313e-16,
                0.9999999999999998
            ],
            "primacy_scale": [
                2.220446049250313e-16,
                100.0
            ],
            "primacy_decay": [
                2.220446049250313e-16,
                100.0
            ],
            "choice_sensitivity": [
                2.220446049250313e-16,
                100.0
            ],
            "emotion_scale": [
                2.220446049250313e-16,
                10.0
            ],
            "lpp_main_scale": [
                0.0,
                0.21454430108484696
            ],
            "source_encoding_drift_rate": [
                2.220446049250313e-16,
                0.9999999999999998
            ],
            "source_learning_rate": [
                2.220446049250313e-16,
                10.0
            ]
        },
        "num_steps": 1000,
        "pop_size": 15,
        "population_size": 195,
        "relative_tolerance": 0.0001,
        "absolute_tolerance": 0.0,
        "cross_over_rate": 0.9,
        "diff_w": [
            0.5,
            1.0
        ],
        "best_of": 3,
        "init": "latinhypercube",
        "boundary_handling": "resample",
        "seed": 0,
        "nonfinite_penalty": 1e+30
    },
    "fit_time": 19446.134471169,
    "run_tag": "pooled_evosax_set_likelihood_best_of_3",
    "data_tag": "TalmiEEG",
    "trial_query": "data['subject'] > -1",
    "model": "EEM_eCMR_LPP_General",
    "name": "EEM_eCMR_LPP_General_best_of_3",
    "components": {
        "mfc_create_fn": "jaxcmr.components.linear_memory.init_mfc",
        "mcf_create_fn": "jaxcmr.components.linear_memory.init_mcf",
        "context_create_fn": "jaxcmr.components.context.init",
        "termination_policy_create_fn": "jaxcmr.components.termination.NoStopTermination"
    },
    "fit_algorithm": "jaxcmr.fitting.EvosaxDE",
    "loss_function": "jaxcmr.loss.set_permutation_likelihood.ExcludeTerminationLikelihoodLoss",
    "model_factory": "lpp_ecmr.models.full_eeg_ecmr.make_factory",
    "embedding_path": "",
    "emotion_feature_path": "",
    "feature_column": "6",
    "concat_features": "False"
}