{
    "fixed": {
        "allow_repeated_recalls": 0.0,
        "learn_after_context_update": 1.0,
        "lpp_main_scale": 0.0
    },
    "free": {
        "encoding_drift_rate": [
            2.220446049250313e-16,
            0.9999999999999998
        ],
        "start_drift_rate": [
            2.220446049250313e-16,
            0.9999999999999998
        ],
        "recall_drift_rate": [
            2.220446049250313e-16,
            0.9999999999999998
        ],
        "shared_support": [
            2.220446049250313e-16,
            100.0
        ],
        "item_support": [
            2.220446049250313e-16,
            100.0
        ],
        "learning_rate": [
            2.220446049250313e-16,
            0.9999999999999998
        ],
        "primacy_scale": [
            2.220446049250313e-16,
            100.0
        ],
        "primacy_decay": [
            2.220446049250313e-16,
            100.0
        ],
        "choice_sensitivity": [
            2.220446049250313e-16,
            100.0
        ],
        "emotion_scale": [
            2.220446049250313e-16,
            10.0
        ],
        "lpp_inter_scale": [
            0.0,
            0.21454430108484696
        ]
    },
    "fitness": [
        8250.5224609375
    ],
    "fits": {
        "allow_repeated_recalls": [
            0.0
        ],
        "learn_after_context_update": [
            1.0
        ],
        "lpp_main_scale": [
            0.0
        ],
        "encoding_drift_rate": [
            0.020604584366083145
        ],
        "start_drift_rate": [
            0.25731387734413147
        ],
        "recall_drift_rate": [
            0.6605266332626343
        ],
        "shared_support": [
            0.9077185392379761
        ],
        "item_support": [
            23.190309524536133
        ],
        "learning_rate": [
            0.0028393412940204144
        ],
        "primacy_scale": [
            0.23682880401611328
        ],
        "primacy_decay": [
            50.941768646240234
        ],
        "choice_sensitivity": [
            5.683685779571533
        ],
        "emotion_scale": [
            1.3460477590560913
        ],
        "lpp_inter_scale": [
            0.06060021370649338
        ],
        "subject": [
            -1
        ]
    },
    "nit": [
        98
    ],
    "converged": [
        true
    ],
    "hyperparameters": {
        "bounds": {
            "encoding_drift_rate": [
                2.220446049250313e-16,
                0.9999999999999998
            ],
            "start_drift_rate": [
                2.220446049250313e-16,
                0.9999999999999998
            ],
            "recall_drift_rate": [
                2.220446049250313e-16,
                0.9999999999999998
            ],
            "shared_support": [
                2.220446049250313e-16,
                100.0
            ],
            "item_support": [
                2.220446049250313e-16,
                100.0
            ],
            "learning_rate": [
                2.220446049250313e-16,
                0.9999999999999998
            ],
            "primacy_scale": [
                2.220446049250313e-16,
                100.0
            ],
            "primacy_decay": [
                2.220446049250313e-16,
                100.0
            ],
            "choice_sensitivity": [
                2.220446049250313e-16,
                100.0
            ],
            "emotion_scale": [
                2.220446049250313e-16,
                10.0
            ],
            "lpp_inter_scale": [
                0.0,
                0.21454430108484696
            ]
        },
        "num_steps": 1000,
        "pop_size": 15,
        "population_size": 165,
        "relative_tolerance": 0.0001,
        "absolute_tolerance": 0.0,
        "cross_over_rate": 0.9,
        "diff_w": [
            0.5,
            1.0
        ],
        "best_of": 3,
        "init": "latinhypercube",
        "boundary_handling": "resample",
        "seed": 0,
        "nonfinite_penalty": 1e+30
    },
    "fit_time": 16664.985354915,
    "run_tag": "pooled_evosax_set_likelihood_best_of_3",
    "data_tag": "TalmiEEG",
    "trial_query": "data['subject'] > -1",
    "model": "EEM_CMR_LPP_EmotionalOnly",
    "name": "EEM_CMR_LPP_EmotionalOnly_best_of_3",
    "components": {
        "mfc_create_fn": "jaxcmr.components.linear_memory.init_mfc",
        "mcf_create_fn": "jaxcmr.components.linear_memory.init_mcf",
        "context_create_fn": "jaxcmr.components.context.init",
        "termination_policy_create_fn": "jaxcmr.components.termination.NoStopTermination"
    },
    "fit_algorithm": "jaxcmr.fitting.EvosaxDE",
    "loss_function": "jaxcmr.loss.set_permutation_likelihood.ExcludeTerminationLikelihoodLoss",
    "model_factory": "lpp_ecmr.models.single_eeg_ecmr.make_factory",
    "embedding_path": "",
    "emotion_feature_path": "",
    "feature_column": "6",
    "concat_features": "False"
}