{
    "fixed": {
        "allow_repeated_recalls": 0.0,
        "learn_after_context_update": 0.0
    },
    "free": {
        "encoding_drift_rate": [
            2.220446049250313e-16,
            0.9999999999999998
        ],
        "start_drift_rate": [
            2.220446049250313e-16,
            0.9999999999999998
        ],
        "recall_drift_rate": [
            2.220446049250313e-16,
            0.9999999999999998
        ],
        "shared_support": [
            2.220446049250313e-16,
            100.0
        ],
        "item_support": [
            2.220446049250313e-16,
            100.0
        ],
        "learning_rate": [
            2.220446049250313e-16,
            0.9999999999999998
        ],
        "primacy_scale": [
            2.220446049250313e-16,
            100.0
        ],
        "primacy_decay": [
            2.220446049250313e-16,
            100.0
        ],
        "choice_sensitivity": [
            2.220446049250313e-16,
            100.0
        ]
    },
    "fitness": [
        279.2662353515625,
        228.49008178710938,
        276.4377136230469,
        180.0334930419922,
        193.85951232910156,
        229.4679412841797,
        220.72044372558594,
        209.36647033691406,
        144.62974548339844,
        208.89483642578125,
        225.04920959472656,
        195.75405883789062,
        263.927490234375,
        258.59344482421875,
        287.362060546875,
        172.61233520507812,
        173.86561584472656,
        154.45545959472656,
        213.35446166992188,
        178.88999938964844,
        178.6214141845703,
        234.34716796875,
        168.0242919921875,
        260.88897705078125,
        178.92388916015625,
        240.516845703125,
        226.46395874023438,
        217.2464141845703,
        250.13735961914062,
        180.28793334960938,
        250.4774932861328,
        310.8877258300781,
        155.69320678710938,
        130.6789093017578,
        316.1578674316406,
        171.3668975830078,
        259.071533203125,
        143.57530212402344
    ],
    "fits": {
        "encoding_drift_rate": [
            0.3204565530450393,
            0.32624228266420163,
            0.9192207916920869,
            0.9573764737438234,
            0.5382716366393332,
            0.3481431326213898,
            0.9960809889525685,
            0.7491412888974712,
            0.8168971934861551,
            0.5248753010092353,
            0.17178474810390437,
            0.9977831551833085,
            0.9784205476391469,
            0.8953483832842621,
            0.22429051677765588,
            0.20344749532455597,
            0.999456420737793,
            0.3960337102972922,
            0.49962085022029995,
            0.9967373899025418,
            0.32528362234682984,
            0.4043604370239841,
            0.3082838969781677,
            0.4254386109551729,
            0.17237416499866737,
            0.621753263941035,
            0.9997654655660019,
            0.28307416458585444,
            0.2478718340872178,
            0.9999355773126732,
            0.4917464034246776,
            0.5234021523545571,
            0.13913305524167882,
            0.058936934267441954,
            0.7119556338687724,
            0.9999559075972875,
            0.5989183593587629,
            0.6611142176083827
        ],
        "start_drift_rate": [
            0.9865945753265274,
            0.13762512967385215,
            0.0010841451180061967,
            0.8404162929309402,
            0.8129134748572366,
            0.017909678855658417,
            0.999747310431082,
            0.31605955784779216,
            0.0006050026068900594,
            0.005328364846853451,
            0.1653826644475504,
            0.18498139350863685,
            0.19662756098471268,
            0.10919886571512083,
            0.6555129890445193,
            0.08535123110625586,
            0.7331080288932199,
            0.021839362278078034,
            0.9223064174691045,
            0.6391363332687579,
            0.023572474760344297,
            0.2080400389925292,
            0.2162056819215682,
            0.005721202206923817,
            0.9793711163967624,
            0.5793649871418458,
            0.03372324284446021,
            0.7318456510975454,
            0.3186440482552644,
            0.3121767849695839,
            0.21053568517656895,
            0.012477395039123707,
            0.9186558049366154,
            0.31734075860291244,
            0.6687053753442039,
            0.24473235518176134,
            0.006327120558106636,
            0.9719720510707327
        ],
        "recall_drift_rate": [
            0.9792515359526914,
            0.9992927881901813,
            0.5109829843066445,
            0.009166260981343599,
            0.5577897655286714,
            0.3652693889308865,
            0.6904318287280339,
            0.8855287198526445,
            0.9923775632216071,
            0.25496357028561334,
            0.7866421571996677,
            0.7628408840896198,
            0.2251829462302195,
            0.15430735725179673,
            0.8576543359499695,
            0.11304406977194759,
            0.8259994831280206,
            0.9996026100627011,
            0.6392613603575605,
            0.7537051734476622,
            0.5977692879724382,
            0.9991800705524968,
            0.8121215461322197,
            0.2072190251417886,
            0.07228205390950293,
            0.9990070423401947,
            0.11746738776786053,
            0.9134478728336386,
            0.18472575624476256,
            0.9617027896013974,
            0.2679826130533397,
            0.2156203593647958,
            0.9980924475574049,
            0.9921525067048127,
            0.9994191854794953,
            0.9372480302016453,
            0.3110089220942446,
            0.9585933004675882
        ],
        "shared_support": [
            34.70508267320265,
            82.67962623517369,
            10.887362781754966,
            0.04559458170152908,
            97.1389407601902,
            53.87765773768252,
            8.019443815816516,
            13.196597534012156,
            73.68418683981842,
            72.47714592566857,
            5.365004543109855,
            4.34356925107501,
            75.19756433558726,
            4.2703765530516336,
            7.606751538394832,
            0.8090273325186033,
            29.887822709760247,
            96.37611959412851,
            85.71301384763109,
            48.12334778067597,
            88.88052647303785,
            16.72843155602048,
            26.816900198449495,
            30.089315193413533,
            5.85512383583665,
            65.2790355509467,
            6.216179761395615,
            21.810379701072176,
            56.92786093316805,
            21.167003636047955,
            57.52837488359707,
            53.66173196316192,
            89.61142146270562,
            80.52340872443044,
            35.38984214923282,
            38.38570323617697,
            6.469743731930677,
            27.776960364580084
        ],