{
    "fixed": {
        "allow_repeated_recalls": 0.0,
        "modulate_emotion_by_primacy": 0.0,
        "emotion_drift_rate": 1.0,
        "learn_after_context_update": 0.0,
        "lpp_main_scale": 0.0,
        "lpp_main_threshold": 0.0,
        "lpp_inter_scale": 0.0,
        "lpp_inter_threshold": 0.0
    },
    "free": {
        "encoding_drift_rate": [
            2.220446049250313e-16,
            0.9999999999999998
        ],
        "start_drift_rate": [
            2.220446049250313e-16,
            0.9999999999999998
        ],
        "recall_drift_rate": [
            2.220446049250313e-16,
            0.9999999999999998
        ],
        "shared_support": [
            2.220446049250313e-16,
            100.0
        ],
        "item_support": [
            2.220446049250313e-16,
            100.0
        ],
        "learning_rate": [
            2.220446049250313e-16,
            0.9999999999999998
        ],
        "primacy_scale": [
            2.220446049250313e-16,
            100.0
        ],
        "primacy_decay": [
            2.220446049250313e-16,
            100.0
        ],
        "choice_sensitivity": [
            2.220446049250313e-16,
            100.0
        ],
        "emotion_scale": [
            2.220446049250313e-16,
            10.0
        ]
    },
    "fitness": [
        8283.1259765625
    ],
    "fits": {
        "allow_repeated_recalls": [
            0.0
        ],
        "modulate_emotion_by_primacy": [
            0.0
        ],
        "emotion_drift_rate": [
            1.0
        ],
        "learn_after_context_update": [
            0.0
        ],
        "lpp_main_scale": [
            0.0
        ],
        "lpp_main_threshold": [
            0.0
        ],
        "lpp_inter_scale": [
            0.0
        ],
        "lpp_inter_threshold": [
            0.0
        ],
        "encoding_drift_rate": [
            0.8151451997329122
        ],
        "start_drift_rate": [
            0.17872981513391872
        ],
        "recall_drift_rate": [
            0.6668846227271649
        ],
        "shared_support": [
            52.96892832732557
        ],
        "item_support": [
            68.73766808252621
        ],
        "learning_rate": [
            0.6545334714183424
        ],
        "primacy_scale": [
            38.01544890870193
        ],
        "primacy_decay": [
            23.30376849256629
        ],
        "choice_sensitivity": [
            9.20787136393895
        ],
        "emotion_scale": [
            8.650179187007971
        ],
        "subject": [
            -1
        ]
    },
    "hyperparameters": {
        "bounds": {
            "encoding_drift_rate": [
                2.220446049250313e-16,
                0.9999999999999998
            ],
            "start_drift_rate": [
                2.220446049250313e-16,
                0.9999999999999998
            ],
            "recall_drift_rate": [
                2.220446049250313e-16,
                0.9999999999999998
            ],
            "shared_support": [
                2.220446049250313e-16,
                100.0
            ],
            "item_support": [
                2.220446049250313e-16,
                100.0
            ],
            "learning_rate": [
                2.220446049250313e-16,
                0.9999999999999998
            ],
            "primacy_scale": [
                2.220446049250313e-16,
                100.0
            ],
            "primacy_decay": [
                2.220446049250313e-16,
                100.0
            ],
            "choice_sensitivity": [
                2.220446049250313e-16,
                100.0
            ],
            "emotion_scale": [
                2.220446049250313e-16,
                10.0
            ]
        },
        "num_steps": 1000,
        "pop_size": 15,
        "relative_tolerance": 0.001,
        "cross_over_rate": 0.9,
        "diff_w": 0.85,
        "best_of": 3
    },
    "fit_time": 5753.318436375004,
    "run_tag": "group_level_best_of_3",
    "data_tag": "TalmiEEG",
    "trial_query": "data['subject'] > -1",
    "model": "eCMREmotionOnly",
    "name": "TalmiEEG_eCMREmotionOnly_group_level_best_of_3",
    "components": {
        "mfc_create_fn": "jaxcmr.components.linear_memory.init_mfc",
        "mcf_create_fn": "jaxcmr.components.linear_memory.init_mcf",
        "context_create_fn": "jaxcmr.components.context.init",
        "termination_policy_create_fn": "jaxcmr.components.termination.NoStopTermination"
    },
    "fit_algorithm": "jaxcmr.fitting.ScipyDE",
    "loss_function": "jaxcmr.loss.set_permutation_likelihood.MemorySearchLikelihoodFnGenerator",
    "model_factory": "lpp_ecmr.models.eeg_full_ecmr.make_factory",
    "embedding_path": "",
    "emotion_feature_path": "",
    "feature_column": "6",
    "concat_features": "False"
}