{
    "fixed": {
        "allow_repeated_recalls": 0.0,
        "learn_after_context_update": 0.0,
        "modulate_emotion_by_primacy": 1.0
    },
    "free": {
        "encoding_drift_rate": [
            2.220446049250313e-16,
            0.9999999999999998
        ],
        "start_drift_rate": [
            2.220446049250313e-16,
            0.9999999999999998
        ],
        "recall_drift_rate": [
            2.220446049250313e-16,
            0.9999999999999998
        ],
        "shared_support": [
            2.220446049250313e-16,
            100.0
        ],
        "item_support": [
            2.220446049250313e-16,
            100.0
        ],
        "learning_rate": [
            2.220446049250313e-16,
            0.9999999999999998
        ],
        "primacy_scale": [
            2.220446049250313e-16,
            100.0
        ],
        "primacy_decay": [
            2.220446049250313e-16,
            100.0
        ],
        "choice_sensitivity": [
            2.220446049250313e-16,
            100.0
        ],
        "emotion_scale": [
            2.220446049250313e-16,
            10.0
        ]
    },
    "fitness": [
        278.9371032714844,
        227.45518493652344,
        270.3725280761719,
        181.4189453125,
        189.93006896972656,
        225.77999877929688,
        223.65188598632812,
        208.80015563964844,
        135.77923583984375,
        207.56796264648438,
        224.57208251953125,
        198.2286376953125,
        262.8474426269531,
        258.7460021972656,
        287.4038391113281,
        170.17269897460938,
        172.7684326171875,
        154.71820068359375,
        211.01551818847656,
        177.6029510498047,
        169.68202209472656,
        233.6336212158203,
        167.9573974609375,
        260.3361511230469,
        179.39793395996094,
        240.37295532226562,
        225.6988067626953,
        219.17050170898438,
        249.62916564941406,
        179.6475830078125,
        248.00344848632812,
        309.5390625,
        155.73165893554688,
        116.15096282958984,
        316.675537109375,
        162.92486572265625,
        256.65478515625,
        128.20628356933594
    ],
    "fits": {
        "encoding_drift_rate": [
            0.9999372509657372,
            0.822924800118862,
            0.9698124630787408,
            0.7849559812077579,
            0.4196387830379713,
            0.3500111173518291,
            0.9977676973150634,
            0.7580704456115476,
            0.000293865138375482,
            0.5842574819838757,
            0.2744196925534511,
            0.9993485393025399,
            0.9533063983981626,
            0.9927251913813278,
            0.7068119938877535,
            0.09877282056856723,
            0.9999390846542358,
            0.4280574663224218,
            0.4657558711224061,
            0.10529744859715284,
            0.24858277649946042,
            0.17166882402312783,
            0.07498386415357478,
            0.7383796936719302,
            0.2578615021659763,
            0.5872563253767983,
            0.5150634066363081,
            0.8928142071698415,
            0.2684425504316376,
            0.9994589050096024,
            0.5290906752665376,
            0.6014893349127526,
            0.08422296794476486,
            0.025004869253872037,
            0.739574630809097,
            0.914798566858674,
            0.8044809555345052,
            0.5195516489533973
        ],
        "start_drift_rate": [
            0.961699881794327,
            0.007150960998042274,
            0.0004277619502853214,
            0.22181615553264145,
            0.9671261427441796,
            0.007544057501170542,
            0.9991998115983256,
            0.021710545841048645,
            0.9668465639561524,
            0.004731934410024895,
            0.7828024607686875,
            0.04643678086550029,
            0.021807689433476052,
            0.07146446065146372,
            0.3743086460421258,
            0.5462456098139327,
            0.9865809231519393,
            0.009382477676102563,
            0.13937836788842678,
            0.9540985894204527,
            0.17194391101441345,
            0.7399448287396989,
            0.8406704122112796,
            0.055391457824852386,
            0.9392209293252296,
            0.6282956313209938,
            0.2858159572176674,
            0.7789580125093556,
            0.10444118055062035,
            0.085099517553132,
            0.7769770322013657,
            0.0006505922619894355,
            0.19830946568306052,
            0.2326075866436914,
            0.8697303270205503,
            0.004255850957067375,
            0.0014289917893845483,
            0.763977313547391
        ],
        "recall_drift_rate": [
            0.6631443902852324,
            0.00018600287001408684,
            0.017284400062964334,
            0.004278781886815519,
            0.1059487645844856,
            0.30560986025330106,
            0.6259559988821985,
            0.9827276963377981,
            0.06326059140582468,
            0.20077137844176796,
            0.11719879862253874,
            0.8432821823708816,
            0.3044159396344226,
            0.20431734982082017,
            0.5084912945612563,
            0.6716277945383765,
            0.3711383799026691,
            0.05214906745739817,
            0.9707748368171941,
            0.8996937885325511,
            0.23277234544145947,
            0.992449301422432,
            0.18171008398698418,
            0.8625656445133716,
            0.09416702249456116,
            0.9898119426758916,
            0.9962890427889561,
            0.7507054065078047,
            0.2536818017323429,
            0.9265312355627942,
            0.3462212559350624,
            0.8206843088970774,
            0.9900509551865,
            0.5353662452059232,
            0.9875199743878816,
            0.21627289574340625,
            0.9587412933941813,
            0.9998828022554981
        ],
        "shared_support": [
            40.233579094616815,
            81.00450590655035,
            14.713414170807887,
            74.57609115198457,
            84.79575761766486,
            25.988233102338253,
            4.577338895431268,
            5.313678507284067,
            11.40354699255684,
            87.38216929305764,
            37.208845725721055,
            68.78888901224336,
            80.03838801095374,
            0.23069144901262462,
            0.17337734654353198,
            1.669189872776549,
            56.7580924313076,
            41.10546256741816,
            83.82157862116581,
            1.6720188245484522,
            64.16007710548314,
            9.667704259268021,
            40.25609458511653,
            86.42880307742496,
            81.87044179405514,
            33.04324494756975,
            42.78575957350715,
            6.607082814845548,
            83.96825998177609,
            51.54848939347716,
            52.88619686703747,
            92.21611528192747,
            87.96985826631537,
            78.05959516677788,
            85.32851647876022,
            13.96245639209517,
            83.97718909499761,
            93.8277088964964
        ],