{
    "fixed": {
        "allow_repeated_recalls": 0.0,
        "learn_after_context_update": 0.0,
        "modulate_emotion_by_primacy": 0.0
    },
    "free": {
        "encoding_drift_rate": [
            2.220446049250313e-16,
            0.9999999999999998
        ],
        "start_drift_rate": [
            2.220446049250313e-16,
            0.9999999999999998
        ],
        "recall_drift_rate": [
            2.220446049250313e-16,
            0.9999999999999998
        ],
        "shared_support": [
            2.220446049250313e-16,
            100.0
        ],
        "item_support": [
            2.220446049250313e-16,
            100.0
        ],
        "learning_rate": [
            2.220446049250313e-16,
            0.9999999999999998
        ],
        "primacy_scale": [
            2.220446049250313e-16,
            100.0
        ],
        "primacy_decay": [
            2.220446049250313e-16,
            100.0
        ],
        "choice_sensitivity": [
            2.220446049250313e-16,
            100.0
        ],
        "emotion_scale": [
            2.220446049250313e-16,
            10.0
        ]
    },
    "fitness": [
        0.029092121869325638,
        0.017806027084589005,
        0.0387420654296875,
        0.01798388920724392,
        0.021336568519473076,
        0.03762049973011017,
        0.03597615286707878,
        0.028537584468722343,
        0.03284904360771179,
        0.02810366451740265,
        0.030658293515443802,
        0.01585463620722294,
        0.030403772369027138,
        0.022349758073687553,
        0.025334252044558525,
        0.036061085760593414,
        0.03479638323187828,
        0.017716040834784508,
        0.043064966797828674,
        0.03783217817544937,
        0.04306122660636902,
        0.04186040163040161,
        0.024676276370882988,
        0.02625223807990551,
        0.035592492669820786,
        0.0651637464761734,
        0.025218164548277855,
        0.024998491629958153,
        0.028909295797348022,
        0.02632475271821022,
        0.027585184201598167,
        0.018797192722558975,
        0.023386189714074135,
        0.027486562728881836,
        0.02661757543683052,
        0.024835392832756042,
        0.0250299870967865,
        0.026000482961535454
    ],
    "fits": {
        "encoding_drift_rate": [
            0.7690906470959178,
            0.5894263489422312,
            0.9751629066617037,
            0.2657732084920935,
            0.8731108629755606,
            0.6431540515202285,
            0.920462839795428,
            0.6948453476053025,
            0.2938323324469442,
            0.8847496710932419,
            0.7033658756864394,
            0.39134497474955116,
            0.9529307765038572,
            0.766225615171642,
            0.4986948112455356,
            0.4888425752387351,
            0.19168644649779848,
            0.41903814249543997,
            0.8535291865715824,
            0.47053896472303436,
            0.32204892912640737,
            0.449353788903845,
            0.22795341613499082,
            0.7374955333836397,
            0.6421620614659942,
            0.40923120609561914,
            0.5464534061064059,
            0.8110212837324232,
            0.30837918258433283,
            0.9940024575481697,
            0.4137253157250591,
            0.352402890988961,
            0.6591072585558498,
            0.12280912398765986,
            0.9839760471097205,
            0.16142852283897396,
            0.7554752108569286,
            0.3560430448929233
        ],
        "start_drift_rate": [
            0.03845054516924795,
            0.3098189899566599,
            0.765585650591897,
            0.7912921977466699,
            0.10385213063672599,
            0.4995768098800365,
            0.07875229920661381,
            0.0005185992222322411,
            0.9999953216233954,
            0.8037479695622511,
            0.5445945054703849,
            0.8015963621682818,
            0.025173689959789636,
            0.47454051758061033,
            0.9922304456034352,
            0.6245406956993831,
            0.7979759040568493,
            0.06630317936642599,
            0.09074973764696836,
            0.17549925730624616,
            0.6475066342128775,
            0.4539458041102151,
            0.40011788282373023,
            0.2888522280757576,
            0.1731714567001469,
            0.2923821348177372,
            0.14037452012154633,
            0.7751935887950407,
            0.3706683986640291,
            0.25944280311020806,
            0.28472434806380176,
            0.19061022568888575,
            0.14401226040661225,
            0.18113171814318307,
            0.15810482827781175,
            0.10014207263728558,
            0.012007626844906083,
            0.3977301985198661
        ],
        "recall_drift_rate": [
            0.7307508052656179,
            0.6230281234865893,
            0.5853914092854441,
            0.9215861232649711,
            0.716827085768949,
            0.9864760274311739,
            0.9935501852912376,
            0.7371976831984096,
            0.9987672451474898,
            0.6467597220520773,
            0.6332830105940779,
            0.6413955395638349,
            0.40670287531535204,
            0.9485235422902967,
            0.939348804381811,
            0.5523051998188561,
            0.8586676642334627,
            0.7739481542992267,
            0.9742428894680343,
            0.8021341682273362,
            0.06470720393882462,
            0.33607702589035127,
            0.7758109381445059,
            0.9361075215792143,
            0.8750609205947821,
            0.6745601415865846,
            0.9946381548956875,
            0.9988438104187867,
            0.25865823873553384,
            0.9920729722977333,
            0.5057487278120908,
            0.4221899957493169,
            0.8886075066411951,
            0.8967749292816654,
            0.5423475621999648,
            0.7945897257739584,
            0.3579643910037592,
            0.20507261248552955
        ],
        "shared_support": [
            73.47940878491525,
            16.63331995910378,
            97.9442699956542,
            5.972942810845403,
            91.80441169782358,
            20.868748899478557,
            81.75608536388313,
            99.6236416457557,
            44.26860011742974,
            99.84943282924574,
            8.928722830756818,
            12.523524754495128,
            66.18916317305913,
            56.135844992067696,
            94.96189002689194,
            31.27018657521972,
            63.634518794024444,
            66.62653241597135,
            48.26177920302516,
            98.32652064663318,
            18.24175525984631,
            78.64221132629132,
            84.58375148668937,
            80.92647142937761,
            21.97788504434471,
            96.1265210850996,
            99.31967949471498,
            10.613446082212803,
            74.94818831454101,
            47.16856124156801,
            22.570048930885854,
            56.35012437609518,
            5.775053217692751,
            95.03171366119116,
            93.45014156489395,
            47.134676498645305,
            55.38258825571163,
            93.11623308755478
        ],