{
    "fixed": {
        "allow_repeated_recalls": 0.0,
        "learn_after_context_update": 0.0,
        "modulate_emotion_by_primacy": 0.0,
        "emotion_scale": 0.0,
        "lpp_main_threshold": 0.0,
        "lpp_inter_scale": 0.0,
        "lpp_inter_threshold": 0.0
    },
    "free": {
        "encoding_drift_rate": [
            2.220446049250313e-16,
            0.9999999999999998
        ],
        "start_drift_rate": [
            2.220446049250313e-16,
            0.9999999999999998
        ],
        "recall_drift_rate": [
            2.220446049250313e-16,
            0.9999999999999998
        ],
        "shared_support": [
            2.220446049250313e-16,
            100.0
        ],
        "item_support": [
            2.220446049250313e-16,
            100.0
        ],
        "learning_rate": [
            2.220446049250313e-16,
            0.9999999999999998
        ],
        "primacy_scale": [
            2.220446049250313e-16,
            100.0
        ],
        "primacy_decay": [
            2.220446049250313e-16,
            100.0
        ],
        "choice_sensitivity": [
            2.220446049250313e-16,
            100.0
        ],
        "stop_probability_scale": [
            2.220446049250313e-16,
            1.0
        ],
        "stop_probability_growth": [
            2.220446049250313e-16,
            10.0
        ],
        "lpp_main_scale": [
            2.220446049250313e-16,
            100.0
        ]
    },
    "fitness": [
        192.01907348632812
    ],
    "fits": {
        "allow_repeated_recalls": [
            0.0
        ],
        "learn_after_context_update": [
            0.0
        ],
        "modulate_emotion_by_primacy": [
            0.0
        ],
        "emotion_scale": [
            0.0
        ],
        "lpp_main_threshold": [
            0.0
        ],
        "lpp_inter_scale": [
            0.0
        ],
        "lpp_inter_threshold": [
            0.0
        ],
        "encoding_drift_rate": [
            0.5642521089319803
        ],
        "start_drift_rate": [
            0.0351707290275734
        ],
        "recall_drift_rate": [
            0.0046823926992357046
        ],
        "shared_support": [
            21.36530449193334
        ],
        "item_support": [
            31.872708252323847
        ],
        "learning_rate": [
            0.258495938887291
        ],
        "primacy_scale": [
            13.044469207143372
        ],
        "primacy_decay": [
            54.08185232975386
        ],
        "choice_sensitivity": [
            1.0909041806999582
        ],
        "stop_probability_scale": [
            0.04964977516619645
        ],
        "stop_probability_growth": [
            0.18045907030763253
        ],
        "lpp_main_scale": [
            25.349616571144573
        ],
        "subject": [
            226
        ]
    },
    "hyperparameters": {
        "bounds": {
            "encoding_drift_rate": [
                2.220446049250313e-16,
                0.9999999999999998
            ],
            "start_drift_rate": [
                2.220446049250313e-16,
                0.9999999999999998
            ],
            "recall_drift_rate": [
                2.220446049250313e-16,
                0.9999999999999998
            ],
            "shared_support": [
                2.220446049250313e-16,
                100.0
            ],
            "item_support": [
                2.220446049250313e-16,
                100.0
            ],
            "learning_rate": [
                2.220446049250313e-16,
                0.9999999999999998
            ],
            "primacy_scale": [
                2.220446049250313e-16,
                100.0
            ],
            "primacy_decay": [
                2.220446049250313e-16,
                100.0
            ],
            "choice_sensitivity": [
                2.220446049250313e-16,
                100.0
            ],
            "stop_probability_scale": [
                2.220446049250313e-16,
                1.0
            ],
            "stop_probability_growth": [
                2.220446049250313e-16,
                10.0
            ],
            "lpp_main_scale": [
                2.220446049250313e-16,
                100.0
            ]
        },
        "num_steps": 1000,
        "pop_size": 15,
        "relative_tolerance": 0.001,
        "cross_over_rate": 0.9,
        "diff_w": 0.85,
        "best_of": 3
    },
    "fit_time": 542.7171557820111,
    "run_tag": "50_set_likelihood_predicted_term_best_of_3",
    "data_tag": "TalmiEEG",
    "trial_query": "data['subject'] > -1",
    "model": "LPP_CMR_PositionalStop",
    "name": "TalmiEEG_LPP_CMR_PositionalStop_50_set_likelihood_predicted_term_best_of_3",
    "components": {
        "mfc_create_fn": "jaxcmr.components.linear_memory.init_mfc",
        "mcf_create_fn": "jaxcmr.components.linear_memory.init_mcf",
        "context_create_fn": "jaxcmr.components.context.init",
        "termination_policy_create_fn": "jaxcmr.components.termination.PositionalTermination"
    },
    "fit_algorithm": "jaxcmr.fitting.ScipyDE",
    "loss_function": "jaxcmr.loss.set_permutation_likelihood.IncludeTerminationLikelihoodFnGenerator",
    "model_factory": "lpp_ecmr.models.single_eeg_ecmr.make_factory",
    "embedding_path": "",
    "emotion_feature_path": "",
    "feature_column": "6",
    "concat_features": "False"
}