{
    "fixed": {
        "allow_repeated_recalls": 0.0,
        "modulate_emotion_by_primacy": 0.0
    },
    "free": {
        "primacy_scale": [
            2.220446049250313e-16,
            100.0
        ],
        "primacy_decay": [
            2.220446049250313e-16,
            100.0
        ],
        "choice_sensitivity": [
            2.220446049250313e-16,
            100.0
        ],
        "lpp_threshold": [
            -5.0,
            5.0
        ],
        "lpp_slope": [
            2.220446049250313e-16,
            10.0
        ]
    },
    "fitness": [
        0.04757917672395706,
        0.055792879313230515,
        0.055557120591402054,
        0.03932445868849754,
        0.05360375717282295,
        0.06122555211186409,
        0.05574152618646622,
        0.047855112701654434,
        0.049040909856557846,
        0.04604694992303848,
        0.04715050756931305,
        0.02437153272330761,
        0.04962954670190811,
        0.06128503754734993,
        0.035864830017089844,
        0.036126893013715744,
        0.050897516310214996,
        0.03149428591132164,
        0.08955042064189911,
        0.05499770864844322,
        0.05977420136332512,
        0.057665806263685226,
        0.03914804011583328,
        0.04010266810655594,
        0.05209102854132652,
        0.06669579446315765,
        0.049744512885808945,
        0.06250505894422531,
        0.04962576553225517,
        0.04094504192471504,
        0.024977847933769226,
        0.026301337406039238,
        0.04888232797384262,
        0.03657708689570427,
        0.03975387662649155,
        0.04039893299341202,
        0.04518238455057144,
        0.03419119119644165
    ],
    "fits": {
        "primacy_scale": [
            22.439948078413686,
            76.5434250766541,
            14.299174876760858,
            15.187980336803761,
            66.96502564312033,
            17.731152765547378,
            86.33726744857186,
            0.06378707503152015,
            0.03825715178549416,
            44.34409683679026,
            76.35792522547376,
            0.5912340323131247,
            0.023536326631464988,
            69.50127394822329,
            0.7377748740472185,
            17.66501005354855,
            26.77770264107583,
            40.10993543351353,
            0.06093173400118701,
            19.732862818390284,
            5.147824967681537,
            43.169457304428995,
            2.4784854034010095e-05,
            62.6433613528465,
            54.57351577478426,
            0.008978776301837854,
            0.035387193608052314,
            10.243682960016024,
            25.220803542859056,
            0.8716769558926671,
            4.4749376348962,
            7.554883660214912,
            64.93339962021328,
            6.296036211871886,
            70.6130859569551,
            22.06192632809849,
            1.276263392111474,
            0.19597720064452773
        ],
        "primacy_decay": [
            31.245622520592985,
            30.244841625935564,
            52.42693236513606,
            1.0205028898574895,
            62.83785467427738,
            74.82849673908122,
            1.8056288987847182,
            45.015107692725685,
            40.402010944495025,
            61.03015420413919,
            0.030348820198341286,
            74.0263210931424,
            77.35778895639137,
            64.50390474913037,
            1.7978344968481252,
            6.531385103911283,
            72.93378269190585,
            80.80115264592469,
            6.488627622895173,
            11.341503865802224,
            2.39253573816859,
            21.32450483713171,
            21.3548124134891,
            0.11901217635232797,
            0.21053900259039438,
            0.320375267727961,
            29.849078365896066,
            86.65960515684117,
            5.097383293395616,
            1.9981315943527918,
            37.29956109424091,
            5.947159438299188,
            76.52115499885575,
            3.492388252433912,
            0.1509691576272374,
            58.35922594265117,
            53.297385473325974,
            86.82775878366851
        ],
        "choice_sensitivity": [
            0.5091311000808574,
            0.4192370226973523,
            0.32799931809513083,
            0.4749640547433813,
            0.2450377250162532,
            0.17484303593251127,
            0.19205493258315443,
            0.2073988374679061,
            2.056705604799383,
            1.080255637285802,
            0.29596163316836765,
            1.830442372246722,
            1.4642710091075344,
            0.2937200534300004,
            0.22016907588236023,
            0.4128721289308501,
            0.4838431886775325,
            0.5444551810565983,
            0.027125063721435083,
            0.51232439352016,
            0.4077570666136552,
            0.4139106945199629,
            0.14806783429834525,
            0.16171215998792832,
            0.15369497032223478,
            66.57417365846868,
            0.5682887212544543,
            0.4979348797488825,
            0.9581769880488196,
            0.24896361371713738,
            1.5388950569732245,
            3.4108917728644244,
            0.02487623306859632,
            0.9240650237543306,
            0.13279433180878186,
            0.4378060869504168,
            0.038862129978582516,
            2.1229135538998634
        ],
        "lpp_threshold": [
            -2.5805221278001254,
            -3.512082773931483,
            -2.5407032592768477,
            -2.5051383851920974,
            -4.144180744926249,
            -3.6526895792617142,
            -1.3412717171925348,
            -0.9518679428982219,
            -3.6528606110394257,
            0.15224780415634354,
            -1.032062196396864,
            -0.7114602787671936,
            -1.5591427206153219,
            -1.5302933191745827,
            -2.3780804827079716,
            -1.7593689765233904,
            -4.707081133635216,
            -2.3465429072772945,
            -4.3093999154947,
            -1.9278995821114608,
            -4.227331019430889,
            -1.9775993697593242,
            -3.848581681129523,
            -3.638306841572323,
            -3.3864805850579085,
            0.2861182028358844,
            -4.956061378327346,
            1.847196850136228,
            -1.6181814351068469,
            -0.8761774618063872,
            -1.2915881840926358,
            -0.8070221624649221,
            -4.382938401463493,
            -4.358739651105438,
            1.6735319661303016,
            -2.4905757132356565,
            -1.353248867692326,
            -2.2196065092149464
        ],
        "lpp_slope": [
            1.4259234655541766,
            0.5326262917338962,
            2.069441480333306,
            0.8992644642881151,
            2.3270635598617675,
            2.3643801848099266,
            9.735320182690032,
            7.7909929068951875,
            0.30428805498158784,
            4.243513485942586,
            5.266566058128497,
            0.1968141422166685,
            0.48784290899631166,
            0.019091621407882897,
            2.3146910446326077,
            5.208931972496406,
            0.847984649982302,
            1.7872280327409227,
            5.436594014012374,
            1.6360554202257522,
            9.720980234446735,
            0.9363358289434291,
            2.608475511561945,
            2.242262390987888,
            7.784709165415023,
            3.468317194462415,
            0.45234966553099465,
            0.17453996793590676,
            0.05360879401277607,
            9.330130964587454,
            0.6204732306409824,
            7.323099507277023,
            8.44807236200591,
            2.1436432327005646,
            0.8044451212542931,
            9.27688081846652,
            2.9273256823428575,
            0.6855530010889312
        ],