{
    "fixed": {
        "allow_repeated_recalls": 0.0,
        "learn_after_context_update": 0.0
    },
    "free": {
        "encoding_drift_rate": [
            2.220446049250313e-16,
            0.9999999999999998
        ],
        "start_drift_rate": [
            2.220446049250313e-16,
            0.9999999999999998
        ],
        "recall_drift_rate": [
            2.220446049250313e-16,
            0.9999999999999998
        ],
        "shared_support": [
            2.220446049250313e-16,
            100.0
        ],
        "item_support": [
            2.220446049250313e-16,
            100.0
        ],
        "learning_rate": [
            2.220446049250313e-16,
            0.9999999999999998
        ],
        "primacy_scale": [
            2.220446049250313e-16,
            100.0
        ],
        "primacy_decay": [
            2.220446049250313e-16,
            100.0
        ],
        "choice_sensitivity": [
            2.220446049250313e-16,
            100.0
        ]
    },
    "hyperparameters": {
        "bounds": {
            "encoding_drift_rate": [
                2.220446049250313e-16,
                0.9999999999999998
            ],
            "start_drift_rate": [
                2.220446049250313e-16,
                0.9999999999999998
            ],
            "recall_drift_rate": [
                2.220446049250313e-16,
                0.9999999999999998
            ],
            "shared_support": [
                2.220446049250313e-16,
                100.0
            ],
            "item_support": [
                2.220446049250313e-16,
                100.0
            ],
            "learning_rate": [
                2.220446049250313e-16,
                0.9999999999999998
            ],
            "primacy_scale": [
                2.220446049250313e-16,
                100.0
            ],
            "primacy_decay": [
                2.220446049250313e-16,
                100.0
            ],
            "choice_sensitivity": [
                2.220446049250313e-16,
                100.0
            ]
        },
        "num_steps": 1000,
        "pop_size": 15,
        "relative_tolerance": 0.001,
        "cross_over_rate": 0.9,
        "diff_w": 0.85,
        "best_of": 3
    },
    "fitness": [
        282.080322265625,
        228.4991455078125,
        270.7602844238281,
        175.12986755371094,
        194.93548583984375,
        228.2835693359375,
        221.63772583007812,
        208.79129028320312,
        148.10153198242188,
        208.90115356445312,
        224.89117431640625,
        200.33612060546875,
        264.14459228515625,
        257.41632080078125,
        287.8981628417969,
        173.33645629882812,
        174.49684143066406,
        153.23565673828125,
        213.76930236816406,
        179.40492248535156,
        174.56861877441406,
        237.2041015625,
        167.13568115234375,
        258.8776550292969,
        180.37889099121094,
        240.4273681640625,
        224.8504180908203,
        217.5785675048828,
        250.46566772460938,
        179.92977905273438,
        249.76248168945312,
        308.91973876953125,
        155.85479736328125,
        130.75933837890625,
        318.6112976074219,
        172.97390747070312,
        260.52093505859375,
        143.57106018066406
    ],
    "fits": {
        "allow_repeated_recalls": [
            0.0,
            0.0,
            0.0,
            0.0,
            0.0,
            0.0,
            0.0,
            0.0,
            0.0,
            0.0,
            0.0,
            0.0,
            0.0,
            0.0,
            0.0,
            0.0,
            0.0,
            0.0,
            0.0,
            0.0,
            0.0,
            0.0,
            0.0,
            0.0,
            0.0,
            0.0,
            0.0,
            0.0,
            0.0,
            0.0,
            0.0,
            0.0,
            0.0,
            0.0,
            0.0,
            0.0,
            0.0,
            0.0
        ],
        "learn_after_context_update": [
            0.0,
            0.0,
            0.0,
            0.0,
            0.0,
            0.0,
            0.0,
            0.0,
            0.0,
            0.0,
            0.0,
            0.0,
            0.0,
            0.0,
            0.0,
            0.0,
            0.0,
            0.0,
            0.0,
            0.0,
            0.0,
            0.0,
            0.0,
            0.0,
            0.0,
            0.0,
            0.0,
            0.0,
            0.0,
            0.0,
            0.0,
            0.0,
            0.0,
            0.0,
            0.0,
            0.0,
            0.0,
            0.0
        ],
        "encoding_drift_rate": [
            0.8809605776286846,
            0.5999003600837357,
            0.8803936982258123,
            0.9413982406806423,
            0.6037810093251542,
            0.4784118190812783,
            0.9994148055062864,
            0.42018771217462086,
            0.3573252488429804,
            0.5212525049795677,
            0.2381530726699248,
            0.8323659269767267,
            0.9969349094290857,
            0.9546009714488761,
            0.5667179966263634,
            0.14806562226751924,
            0.9935351579841436,
            0.8703806210558575,
            0.7265743510725345,
            0.9366113697038418,
            0.8349801594121056,
            0.9999981776934849,
            0.4459297869287652,
            0.43463534026621764,
            0.6656863452312448,
            0.5389893496769329,
            0.9998891670478587,
            0.9773262398032455,
            0.05291982003283413,
            0.9991663923694895,
            0.42048103818458915,
            0.2431462500750214,
            0.5085049654634058,
            0.12946189352576604,
            0.9438989479384543,
            0.9865042253161114,
            0.8958142774814182,
            0.24103022813575367
        ],
        "start_drift_rate": [
            0.0660658312819038,
            0.00017312036831773625,
            0.4646821988770041,
            0.9993605077755333,
            0.034160530923416976,
            0.18644467425128863,
            0.988864014923043,
            0.9424849695509808,
            0.5383410431672938,
            0.023113268400906717,
            0.08003705081429041,
            0.07866893546766046,
            0.005679161281406719,
            0.306032377404992,
            0.29712677393805575,
            0.6982120716978942,
            2.220446049250313e-16,
            0.2687075675291586,
            0.7897091825481404,
            0.9972461584298703,
            0.9523264421091658,
            0.5783815702967332,
            0.03713548328630395,
            0.008364330873916682,
            0.033518544127437155,
            0.40566534578561264,
            0.46018601228190714,
            0.999413178118489,
            0.818666164361308,
            0.37773066800936467,
            3.4309220822204e-05,
            0.8115563996336744,
            0.02929504338124611,
            0.13965544656825812,
            0.5729118400104559,
            0.012118575571271661,
            0.2297754848659193,
            0.08241343679517282
        ],