{
    "fixed": {
        "allow_repeated_recalls": 0.0,
        "learn_after_context_update": 0.0,
        "modulate_emotion_by_primacy": 0.0
    },
    "free": {
        "encoding_drift_rate": [
            2.220446049250313e-16,
            0.9999999999999998
        ],
        "start_drift_rate": [
            2.220446049250313e-16,
            0.9999999999999998
        ],
        "recall_drift_rate": [
            2.220446049250313e-16,
            0.9999999999999998
        ],
        "shared_support": [
            2.220446049250313e-16,
            100.0
        ],
        "item_support": [
            2.220446049250313e-16,
            100.0
        ],
        "learning_rate": [
            2.220446049250313e-16,
            0.9999999999999998
        ],
        "primacy_scale": [
            2.220446049250313e-16,
            100.0
        ],
        "primacy_decay": [
            2.220446049250313e-16,
            100.0
        ],
        "choice_sensitivity": [
            2.220446049250313e-16,
            100.0
        ],
        "emotion_scale": [
            2.220446049250313e-16,
            10.0
        ]
    },
    "fitness": [
        280.73162841796875,
        225.0865936279297,
        276.5423583984375,
        177.6278076171875,
        187.0236053466797,
        229.20022583007812,
        220.81622314453125,
        208.843994140625,
        137.43667602539062,
        208.7550811767578,
        225.30259704589844,
        195.37841796875,
        263.4176025390625,
        258.841064453125,
        287.95849609375,
        170.7212677001953,
        173.63409423828125,
        149.9576416015625,
        209.2590789794922,
        176.7931671142578,
        171.689697265625,
        233.5869140625,
        168.45089721679688,
        260.275634765625,
        179.29092407226562,
        240.968505859375,
        224.6455841064453,
        217.27151489257812,
        250.17347717285156,
        180.3418426513672,
        249.0110321044922,
        310.1135559082031,
        155.6580047607422,
        121.3315658569336,
        316.42529296875,
        164.57460021972656,
        260.1905517578125,
        131.47952270507812
    ],
    "fits": {
        "encoding_drift_rate": [
            0.9967381484933191,
            0.1965867768809651,
            0.8600142451966912,
            0.4366049738888417,
            0.521353916805751,
            0.3422013228877938,
            0.9991105518777965,
            0.7437073738375842,
            0.9999144273977818,
            0.5997005301240471,
            0.3339134483162308,
            0.9975447374816355,
            0.999474280341686,
            0.9859112882470543,
            0.3803423640070616,
            0.2528394676896334,
            0.9995696908209358,
            0.3251232090379067,
            0.03548109266146458,
            0.9994607046319662,
            0.5937805966270089,
            0.3313892319844073,
            0.15023669198147493,
            0.3579656791192704,
            0.26204574306042105,
            0.7312706020876482,
            0.9971178830522175,
            0.2117301779417161,
            0.22943281315382325,
            0.9998403209214737,
            0.43261373237422796,
            0.49824585157356216,
            0.10322730318324008,
            0.9999977734593625,
            0.70999585967373,
            0.9981578502855848,
            0.8691813218659032,
            0.04301351765404482
        ],
        "start_drift_rate": [
            0.6852514004203832,
            0.983045576894222,
            0.016441077587442232,
            0.56526152015398,
            0.9437586993327608,
            0.0007519099079046354,
            0.9994000695053087,
            0.20744350970351322,
            0.11970877130399116,
            0.0012283334864500173,
            0.3423188819772619,
            0.062215032217449895,
            0.000768410991289159,
            0.3691029367119425,
            0.9462805161812221,
            0.01059897317741787,
            0.05514774505870346,
            0.008045328417132624,
            0.998755129565719,
            0.8232338319446595,
            0.8048333097454641,
            0.9907770908949539,
            0.41555534575312736,
            0.024761312548541192,
            0.98793632138102,
            0.3041705222892177,
            0.9511087261644076,
            0.4265572448961624,
            0.08357811623151917,
            0.13154771047325026,
            0.2625835293198193,
            0.0027558940445148172,
            0.9446630570892249,
            0.07947847528040447,
            0.16715489139025957,
            0.15238680143874733,
            0.0031142285906309852,
            0.9880633850683279
        ],
        "recall_drift_rate": [
            0.9943160961717032,
            0.9995808207226146,
            0.3198861066284737,
            0.11599438595700401,
            0.3976060524902048,
            0.3340012473316315,
            0.6728635733382099,
            0.9843889391577675,
            0.4272552086607694,
            0.1194702089756065,
            0.8088023355045016,
            0.7969734250927937,
            0.20680592587025404,
            0.2154714872587738,
            0.7533005892766085,
            0.12593298192052338,
            0.8794190330825209,
            0.9992444713745768,
            0.3145050881849598,
            0.6676234985810391,
            0.3840428133516775,
            0.9999960240822111,
            0.41942166854334795,
            0.15454658925275927,
            0.05774624900553044,
            0.7855995391735584,
            0.634751943342035,
            0.87432118796373,
            0.2310850578130899,
            0.9596377541744351,
            0.21852922505171002,
            0.15258446286467803,
            0.9997343635605452,
            0.963477486710633,
            0.998329857088329,
            0.9444039610642957,
            0.05679502181967039,
            0.20499232931588124
        ],
        "shared_support": [
            83.61052724831464,
            92.77422732652548,
            75.84892367332048,
            7.641798687101556,
            98.1632894954235,
            52.15713067102906,
            11.02766079141469,
            4.571827765465059,
            44.27358752931462,
            90.9579002527274,
            3.6292363498416833,
            10.107215436760356,
            77.84792982427908,
            0.7821732961933705,
            6.070980502706277,
            3.591404341207401,
            24.529244451265225,
            94.79760289568402,
            94.7473944751344,
            73.60866649480371,
            80.27518776667024,
            83.98362146551094,
            91.92875403218002,
            68.67444328164153,
            98.14689562151116,
            83.72463412018881,
            0.017674441777266736,
            20.048457140675602,
            92.17253452871887,
            40.222887424003716,
            48.99973049772718,
            36.85053552032169,
            87.11654022757861,
            41.62386608483543,
            20.476359007947487,
            75.36839786130108,
            66.33001123339022,
            22.343588242293848
        ],