{
    "fixed": {
        "allow_repeated_recalls": 0.0,
        "modulate_emotion_by_primacy": 0.0,
        "learn_after_context_update": 0.0
    },
    "free": {
        "encoding_drift_rate": [
            2.220446049250313e-16,
            0.9999999999999998
        ],
        "start_drift_rate": [
            2.220446049250313e-16,
            0.9999999999999998
        ],
        "recall_drift_rate": [
            2.220446049250313e-16,
            0.9999999999999998
        ],
        "shared_support": [
            2.220446049250313e-16,
            100.0
        ],
        "item_support": [
            2.220446049250313e-16,
            100.0
        ],
        "learning_rate": [
            2.220446049250313e-16,
            0.9999999999999998
        ],
        "primacy_scale": [
            2.220446049250313e-16,
            100.0
        ],
        "primacy_decay": [
            2.220446049250313e-16,
            100.0
        ],
        "choice_sensitivity": [
            2.220446049250313e-16,
            100.0
        ],
        "emotion_scale": [
            2.220446049250313e-16,
            10.0
        ]
    },
    "fitness": [
        282.0982666015625,
        227.4965057373047,
        276.07293701171875,
        176.75665283203125,
        188.54376220703125,
        228.15074157714844,
        223.26315307617188,
        206.95655822753906,
        138.26318359375,
        208.22508239746094,
        225.0970916748047,
        199.5703887939453,
        263.656494140625,
        258.9877624511719,
        286.8948669433594,
        167.58200073242188,
        176.83279418945312,
        149.70619201660156,
        209.9007568359375,
        179.14524841308594,
        171.36599731445312,
        235.96273803710938,
        168.37457275390625,
        259.8117370605469,
        181.34259033203125,
        240.30258178710938,
        224.95257568359375,
        216.72738647460938,
        248.7720184326172,
        176.97640991210938,
        242.56588745117188,
        303.93463134765625,
        155.51361083984375,
        119.2014389038086,
        318.70159912109375,
        167.53131103515625,
        255.42758178710938,
        130.70343017578125
    ],
    "fits": {
        "encoding_drift_rate": [
            0.9933193703121709,
            0.9702421837238158,
            0.9475035482681516,
            0.923863966224235,
            0.999596668408026,
            0.41104324259572517,
            0.9413314295738768,
            0.7251556761148226,
            0.006989377067481662,
            0.9576848621087134,
            0.2828826428808806,
            0.7474191231737239,
            0.9885779419227676,
            0.9740597298732142,
            0.9414951325525535,
            0.30594009472058725,
            0.9970826489170037,
            0.9866378793417989,
            0.4283567895049799,
            0.9854127034642165,
            0.9720627320863968,
            0.9809553033912007,
            0.33819645182191793,
            0.7804978185508779,
            0.9946964145133425,
            0.5165252180890567,
            0.96970205562096,
            0.4915525435501564,
            0.9696838868566398,
            0.9999964913998399,
            0.9346529528276768,
            0.8517371159099786,
            0.6169708873645907,
            0.0848938421818406,
            0.9125551496215418,
            0.19586891506643522,
            0.45303733860989,
            0.27467881706759445
        ],
        "start_drift_rate": [
            0.007310159352581502,
            0.05988884436344627,
            0.9885171975350899,
            0.9986714904142754,
            0.00045808613658304687,
            0.00901265107802135,
            0.05284427766644917,
            0.4015800463743328,
            0.88207651798561,
            0.6253546630978355,
            0.23121318313989847,
            0.18126998823428236,
            0.072514721731407,
            0.6841505300067247,
            0.023811530923709023,
            0.9789440052740098,
            0.0010855260469252448,
            0.07212611321214518,
            0.9955751869353389,
            0.7670343319045244,
            0.974092577111757,
            0.0018166154712119797,
            0.0012716744683838321,
            0.006331836546973835,
            0.05306862745425689,
            0.4552057741864399,
            0.11677407199344375,
            0.8967634604303276,
            0.9922060576054136,
            0.1541846289644262,
            0.4797340606147932,
            0.008423840067512657,
            0.30694114279918416,
            0.5233880972333604,
            0.8386431875293203,
            0.29595358970637564,
            0.989838056199528,
            0.9936680782392241
        ],
        "recall_drift_rate": [
            0.803140118334042,
            0.0013067200515243802,
            0.7984924907801156,
            0.32144453591989786,
            0.1760682232953455,
            0.5256553318004951,
            0.9288852205687945,
            0.9985511951777346,
            0.34926024264383077,
            0.9507260282102038,
            0.71969776194492,
            0.9966838285677697,
            0.001099405910868212,
            0.21496456265726926,
            0.8047722337507083,
            0.185920575787079,
            0.6031073413357404,
            0.6068966197567647,
            0.9386498079365478,
            0.7837782390867927,
            0.42508480575594876,
            0.7268463557563278,
            0.0014559202153168194,
            0.700454758592403,
            0.32923031452560614,
            0.3465799862235523,
            0.9991466826387604,
            0.1821700015266246,
            0.3955309457498244,
            0.9767843117077301,
            0.6550518636924851,
            0.7248873447517576,
            0.9621592644445374,
            0.9973282105285193,
            0.0348038357985192,
            0.0007293789614787327,
            0.12897940618383558,
            0.3872169267307029
        ],
        "shared_support": [
            47.52005145476549,
            78.94171396664413,
            61.309521802568334,
            68.09848458467044,
            67.80017134310481,
            48.28020321845597,
            35.69434661062032,
            4.811985369080425,
            25.465533124592483,
            78.68656571996257,
            15.409328417113713,
            65.84958356910919,
            30.043130477935414,
            1.6992075494189862,
            0.23831424509747023,
            13.437795641358875,
            6.659520961576085,
            76.03463199360618,
            73.49447783198741,
            60.67837766364093,
            47.34850489665419,
            30.710695763633687,
            37.45951929786161,
            24.097053825040437,
            95.25468326065511,
            56.68139664407181,
            58.05912619725508,
            0.1686710811986103,
            23.167415408472085,
            0.2031411601680091,
            0.18253676213698355,
            67.22511939641983,
            57.24696349709777,
            97.42902208939495,
            96.42499252244082,
            53.38960343218332,
            26.62294908687406,
            28.406414887828568
        ],