{
    "fixed": {
        "allow_repeated_recalls": 0.0,
        "learn_after_context_update": 0.0,
        "modulate_emotion_by_primacy": 1.0
    },
    "free": {
        "encoding_drift_rate": [
            2.220446049250313e-16,
            0.9999999999999998
        ],
        "start_drift_rate": [
            2.220446049250313e-16,
            0.9999999999999998
        ],
        "recall_drift_rate": [
            2.220446049250313e-16,
            0.9999999999999998
        ],
        "shared_support": [
            2.220446049250313e-16,
            100.0
        ],
        "item_support": [
            2.220446049250313e-16,
            100.0
        ],
        "learning_rate": [
            2.220446049250313e-16,
            0.9999999999999998
        ],
        "primacy_scale": [
            2.220446049250313e-16,
            100.0
        ],
        "primacy_decay": [
            2.220446049250313e-16,
            100.0
        ],
        "choice_sensitivity": [
            2.220446049250313e-16,
            100.0
        ],
        "emotion_scale": [
            2.220446049250313e-16,
            10.0
        ]
    },
    "fitness": [
        0.03198275342583656,
        0.01933525875210762,
        0.045467328280210495,
        0.017047684639692307,
        0.02443789876997471,
        0.03817349299788475,
        0.048044681549072266,
        0.028779203072190285,
        0.03531557694077492,
        0.0306561142206192,
        0.028512639924883842,
        0.019647842273116112,
        0.030655229464173317,
        0.024762531742453575,
        0.028313560411334038,
        0.04749803617596626,
        0.03322558477520943,
        0.025964846834540367,
        0.049502015113830566,
        0.0401272252202034,
        0.03404713422060013,
        0.03939185291528702,
        0.023501219227910042,
        0.025191813707351685,
        0.032171063125133514,
        0.062608502805233,
        0.02586391568183899,
        0.04260491207242012,
        0.029793689027428627,
        0.030789045616984367,
        0.03404299169778824,
        0.019868450239300728,
        0.02643073908984661,
        0.02400018274784088,
        0.02439895085990429,
        0.02280784584581852,
        0.02689950168132782,
        0.02676999941468239
    ],
    "fits": {
        "encoding_drift_rate": [
            0.5499487047825974,
            0.6154891648293987,
            0.5921792174179217,
            0.267434734821572,
            0.5288668562512723,
            0.715760365672248,
            0.8007145610053127,
            0.6960788554699224,
            0.9474560009673906,
            0.7724031289318558,
            0.6923857765900029,
            0.946681823709797,
            0.9797498320478774,
            0.7596198770394623,
            0.5762034088418175,
            0.32069503668830146,
            0.7668292039755892,
            0.2931462651278406,
            0.8527362758993233,
            0.6903815624272437,
            0.7630698677283079,
            0.5535388175563205,
            0.6652369499013452,
            0.829666314524306,
            0.5659037446353915,
            0.4388923448146067,
            0.731469532842533,
            0.4106915697342687,
            0.4982728550918811,
            0.5929501163164034,
            0.8192743198435397,
            0.5207668418476984,
            0.5302277949438559,
            0.11942410037628287,
            0.9918978411844337,
            0.34100293069373333,
            0.6738818319886436,
            0.4799169771563691
        ],
        "start_drift_rate": [
            0.00900883083638987,
            0.07571779516641225,
            0.07657651029484369,
            0.9142970018378533,
            0.3410068179697463,
            0.22276873287548504,
            0.02134161781377303,
            0.5788744960752098,
            0.6223893855653908,
            0.7678210682582326,
            0.1500734611824654,
            0.050958676780653356,
            0.47650040269652716,
            0.03605930478175279,
            0.9855682378926394,
            0.545280167615985,
            0.005049847850268907,
            0.8433139140597892,
            0.038493165177901356,
            0.20027190146899265,
            0.9030848314290787,
            0.8930479947491021,
            0.807671391293114,
            0.5722595555199722,
            0.4298018737569227,
            0.39200235110277537,
            0.1748622090162733,
            0.11868076443015951,
            0.17096195930567687,
            0.15528246093031312,
            0.5908305977404734,
            0.24114146636535405,
            0.560351806860823,
            0.024866618717395317,
            0.22060479609544825,
            0.0924857168368548,
            0.693116714285021,
            0.47472126871853215
        ],
        "recall_drift_rate": [
            0.7152356470699738,
            0.9479848392503262,
            0.9877460263044843,
            0.849063128999128,
            0.2183451320636296,
            0.9928728341192052,
            0.9707814564730604,
            0.7795281112693407,
            0.8218945123745094,
            0.9812227557791661,
            0.6890069937366088,
            0.8841112196631156,
            0.4814950739498406,
            0.9556801426467917,
            0.7643730080863433,
            0.8969155975426686,
            0.4806611877140929,
            0.8599152923440312,
            0.7036451440794619,
            0.73036297875578,
            0.9722015651736339,
            0.46525343050227297,
            0.6074718773382652,
            0.7895011833240492,
            0.8710651984434172,
            0.6330474096576695,
            0.989558388815812,
            0.9891867483989599,
            0.971537066444391,
            0.88346137923438,
            0.07928198501454375,
            0.8407355901918769,
            0.7571573893892471,
            0.9931544916318958,
            0.5686210196152677,
            0.8365766678592339,
            0.2651586743735151,
            0.3836384799307662
        ],
        "shared_support": [
            93.2645848340965,
            45.63343721520117,
            60.97708183768186,
            7.960025243925543,
            85.71070718501092,
            99.62931357796438,
            65.69403417293984,
            96.18694738238078,
            50.53837734544883,
            77.59801104025911,
            10.856329115310317,
            51.60657801271014,
            27.391081337226268,
            37.65271668845139,
            97.18893693742163,
            38.390190891905505,
            31.616095393824438,
            57.53776168704322,
            96.6092949463094,
            63.722161239351,
            3.0731884220603405,
            8.03391866492418,
            13.002406043976492,
            23.15427508795638,
            52.93582191681043,
            99.40390993591492,
            98.65744952325971,
            97.69015178162941,
            92.3466500424507,
            98.48920023604771,
            91.1816101205639,
            80.99531989591455,
            32.49025436907652,
            77.7771682418701,
            90.95571499042532,
            64.07853752432617,
            91.66316591098938,
            32.641083696761726
        ],