{
    "fixed": {
        "allow_repeated_recalls": 0.0,
        "learn_after_context_update": 0.0
    },
    "free": {
        "encoding_drift_rate": [
            2.220446049250313e-16,
            0.9999999999999998
        ],
        "start_drift_rate": [
            2.220446049250313e-16,
            0.9999999999999998
        ],
        "recall_drift_rate": [
            2.220446049250313e-16,
            0.9999999999999998
        ],
        "shared_support": [
            2.220446049250313e-16,
            100.0
        ],
        "item_support": [
            2.220446049250313e-16,
            100.0
        ],
        "learning_rate": [
            2.220446049250313e-16,
            0.9999999999999998
        ],
        "primacy_scale": [
            2.220446049250313e-16,
            100.0
        ],
        "primacy_decay": [
            2.220446049250313e-16,
            100.0
        ],
        "choice_sensitivity": [
            2.220446049250313e-16,
            100.0
        ]
    },
    "fitness": [
        0.04016166552901268,
        0.02325797639787197,
        0.040289781987667084,
        0.023439627140760422,
        0.035943131893873215,
        0.040978915989398956,
        0.03875290974974632,
        0.03214308246970177,
        0.06383197754621506,
        0.03228270635008812,
        0.029582137241959572,
        0.015400538221001625,
        0.04344862699508667,
        0.024082716554403305,
        0.027433106675744057,
        0.03992776945233345,
        0.04110234975814819,
        0.023972487077116966,
        0.05700894817709923,
        0.04316497594118118,
        0.06702849268913269,
        0.04329007863998413,
        0.022395750507712364,
        0.03613230213522911,
        0.03523138910531998,
        0.06543470919132233,
        0.02678256668150425,
        0.02922527864575386,
        0.027176782488822937,
        0.03216494619846344,
        0.035729724913835526,
        0.020070910453796387,
        0.023602524772286415,
        0.05591953918337822,
        0.025878170505166054,
        0.04526611790060997,
        0.030963504686951637,
        0.052796125411987305
    ],
    "fits": {
        "encoding_drift_rate": [
            0.8756384009272165,
            0.8165262320403486,
            0.9864817792244949,
            0.5015900465378884,
            0.7568615908197153,
            0.6317373855037034,
            0.8096446895249648,
            0.6368870971777829,
            0.8111150690857537,
            0.636838817121022,
            0.46029005779715454,
            0.847347527675965,
            0.9274374805244361,
            0.7594041701326532,
            0.4844715978017695,
            0.6246241314028993,
            0.8432309854296047,
            0.3166800770646646,
            0.6208833942494092,
            0.3645098187504864,
            0.5262117200712174,
            0.5203289682924792,
            0.3426337408301683,
            0.01932792301673425,
            0.7002298550834387,
            0.475984013420418,
            0.7662564330289627,
            0.9223084355988376,
            0.5146667933051977,
            0.6056454692604242,
            0.8527535756411813,
            0.4040354623980235,
            0.6271262070195132,
            0.7452889499922978,
            0.6383823018910466,
            0.5401601415146507,
            0.738387711605035,
            0.5827881052005928
        ],
        "start_drift_rate": [
            0.08403318412370298,
            0.10502761882602091,
            0.854481055404462,
            0.13424471328810034,
            0.11868118707353142,
            0.002932183185906989,
            0.0007166911253348451,
            0.17393047159938296,
            0.06990536984216467,
            0.009752267792962344,
            0.8132842716417159,
            0.613007726210427,
            0.024741174482015682,
            0.007295629888574406,
            0.9968956277012897,
            0.09267836897652165,
            0.04488095115556273,
            0.06021380428809009,
            0.1525547821258184,
            0.002500453505709932,
            0.753688967512689,
            0.4642330914029174,
            0.1136849706398605,
            0.6073945785182218,
            0.002672092219922595,
            0.607252178425181,
            0.8212455562188135,
            0.9824181230596822,
            0.2143962178480967,
            0.7056139654874931,
            0.15313616585100626,
            0.9024853634120047,
            0.2904816746424833,
            0.11479991485558916,
            0.6824462466470171,
            0.000788023205174293,
            0.3251720140009934,
            0.05860308549509663
        ],
        "recall_drift_rate": [
            0.6157237768498183,
            0.7792013102646003,
            0.6442362865088029,
            0.8087311289115771,
            0.31885444856683764,
            0.5300469958575241,
            0.9907379898910664,
            0.659749076377076,
            0.80487617079586,
            0.27508770345316474,
            0.49365777856808707,
            0.805626143516967,
            0.36645729383172765,
            0.9915193875613294,
            0.9762071846338853,
            0.752817603240485,
            0.6871952460581615,
            0.9509320861543649,
            0.8425877582020651,
            0.641261026867006,
            0.8250368951766465,
            0.5926658970626247,
            0.5356609362451619,
            0.5970511638904412,
            0.8219803074399581,
            0.753308522988672,
            0.5683662932664706,
            0.9826819866142652,
            0.7615065893286339,
            0.8217974536045094,
            0.9305083077029044,
            0.5646978346278874,
            0.8626491281582978,
            0.9485179210567386,
            0.3920249906942876,
            0.8017967918107222,
            0.3320154827088172,
            0.7868598231033831
        ],
        "shared_support": [
            79.7630183351977,
            63.27233439437353,
            91.29038819044155,
            46.814933742959695,
            14.303323959677336,
            19.978044632349523,
            70.9178425986203,
            84.04784544954484,
            57.979773253383314,
            36.100883313856095,
            15.166313138908805,
            65.73797120498986,
            92.33499325139854,
            78.9978477648597,
            97.01826740412938,
            17.5080332954021,
            14.147404275770768,
            90.93137686421056,
            76.9624094236131,
            78.39580080373186,
            6.951266162044234,
            44.942002226453354,
            84.97415628166522,
            19.67779554326201,
            20.712886880523516,
            93.34966196774509,
            87.09272863699809,
            47.814492866045,
            58.38473464107037,
            51.241496373214005,
            83.94442559067224,
            51.056341893864584,
            6.1754301126337765,
            53.598105583794485,
            72.57553582467615,
            59.68984942454036,
            92.80061281091545,
            51.22206643507901
        ],