{
    "fixed": {
        "allow_repeated_recalls": 0.0,
        "learn_after_context_update": 0.0,
        "modulate_emotion_by_primacy": 0.0
    },
    "free": {
        "encoding_drift_rate": [
            2.220446049250313e-16,
            0.9999999999999998
        ],
        "start_drift_rate": [
            2.220446049250313e-16,
            0.9999999999999998
        ],
        "recall_drift_rate": [
            2.220446049250313e-16,
            0.9999999999999998
        ],
        "shared_support": [
            2.220446049250313e-16,
            100.0
        ],
        "item_support": [
            2.220446049250313e-16,
            100.0
        ],
        "learning_rate": [
            2.220446049250313e-16,
            0.9999999999999998
        ],
        "primacy_scale": [
            2.220446049250313e-16,
            100.0
        ],
        "primacy_decay": [
            2.220446049250313e-16,
            100.0
        ],
        "choice_sensitivity": [
            2.220446049250313e-16,
            100.0
        ],
        "emotion_scale": [
            2.220446049250313e-16,
            10.0
        ]
    },
    "fitness": [
        280.68359375,
        227.3894500732422,
        276.1624450683594,
        176.69497680664062,
        188.51626586914062,
        228.16259765625,
        223.40554809570312,
        207.0607452392578,
        138.32257080078125,
        208.42481994628906,
        225.09963989257812,
        199.44332885742188,
        263.82049560546875,
        259.1069641113281,
        286.84759521484375,
        167.67449951171875,
        176.83802795410156,
        149.8376922607422,
        209.5906982421875,
        179.1627197265625,
        170.72491455078125,
        236.05552673339844,
        168.32505798339844,
        259.81378173828125,
        181.34832763671875,
        240.31167602539062,
        221.86175537109375,
        217.04627990722656,
        250.1591033935547,
        177.66456604003906,
        242.67236328125,
        304.02008056640625,
        155.45413208007812,
        119.20625305175781,
        318.66119384765625,
        167.50376892089844,
        255.40634155273438,
        130.69979858398438
    ],
    "fits": {
        "encoding_drift_rate": [
            0.7124732679739365,
            0.8982250323935903,
            0.8117520639558894,
            0.9252501470270662,
            0.9994168811974303,
            0.4016583483913986,
            0.9298697360075681,
            0.761565906638825,
            0.011481617975306557,
            0.9911196752075907,
            0.2626355516726225,
            0.7791897629277021,
            0.987750841728275,
            0.9549176913204184,
            0.9560978979396926,
            0.37239621820635294,
            0.9970010678520149,
            0.9594614818932026,
            0.4442072434976313,
            0.9989027248318166,
            0.4543763130115575,
            0.9825546188141473,
            0.17443343699438002,
            0.7421883710859738,
            0.9968627668184614,
            0.6089777265385174,
            0.659920971805986,
            0.20883055391281663,
            0.2887146862678688,
            0.9994781596885336,
            0.9461356048396949,
            0.8693599124068447,
            0.7348952500474736,
            0.12877579243724352,
            0.8649247002525384,
            0.1733047749430215,
            0.4443153700795086,
            0.25699486628087603
        ],
        "start_drift_rate": [
            0.00727757066085738,
            0.014483114279037645,
            0.9917903992334756,
            0.9985339561999281,
            0.04169519522721721,
            0.07253737438555195,
            0.0770720625498712,
            0.4587346179288285,
            0.7682965103567596,
            0.12222074366262037,
            0.8285269542784433,
            0.18400755948914443,
            0.029823753940992348,
            0.6015563359104575,
            0.02450416066726313,
            0.9754246660893577,
            9.512399691558038e-05,
            0.143983526850809,
            0.998310134347346,
            0.26243927100229303,
            0.9997830582408501,
            0.00013795677101691162,
            0.2650348642176494,
            0.00014874540194476094,
            0.015507826378177936,
            0.3965206658700346,
            0.025547132113676596,
            0.8516906093677106,
            0.6225238454160529,
            0.22120360171227588,
            0.28947031294245995,
            0.011264726983061302,
            0.031639573366140206,
            0.2425568723415249,
            0.6318211139915404,
            0.22552447947854615,
            0.9942289430580786,
            0.9964647106051012
        ],
        "recall_drift_rate": [
            0.9999598040472953,
            0.06066402179938768,
            0.7926570186121292,
            0.46158656034223866,
            0.2693867165271666,
            0.49182451171465036,
            0.9415133330012527,
            0.9940200391239126,
            0.33779176391938437,
            0.8940119069626886,
            0.19012291070306622,
            0.9987234772913526,
            0.11145678339420845,
            0.10831395282257567,
            0.8348954071682038,
            0.2678616952425437,
            0.5894469329931773,
            0.511357712312671,
            0.9630924565362872,
            0.4333046255473695,
            0.16409322058933767,
            0.6027124883392658,
            0.40025869277120363,
            0.5955199290532055,
            0.395312679770811,
            0.4696930773936613,
            0.99999893308443,
            0.13973155514840324,
            0.5992429769881553,
            0.983719515626568,
            0.589751881584108,
            0.802488974883358,
            0.4719504459762198,
            0.9965743009324286,
            0.009503041307164395,
            0.051067392069296114,
            0.15113691491413309,
            0.3384866146364705
        ],
        "shared_support": [
            37.66077158524428,
            93.1441278549669,
            42.81828420728334,
            77.4319399734207,
            76.594720121986,
            45.11487956438389,
            36.22196513813494,
            4.381934231346676,
            18.527296892163992,
            84.30704675520695,
            44.79543488419839,
            87.38299744963028,
            71.90343925027211,
            0.5606855453223574,
            0.22021021131781282,
            16.54788207032294,
            6.810018921216887,
            91.9975711142668,
            78.94697726237112,
            70.31031062941338,
            95.346940976231,
            23.734432953203466,
            82.03205674341223,
            19.014673147907985,
            83.67244213670538,
            99.12838383620843,
            12.566588719983052,
            18.455274794592018,
            35.304616151445884,
            1.9217520524279479,
            0.04166866420327864,
            78.46348282992568,
            3.13684796288036,
            46.190903579643475,
            87.3033055852818,
            57.99615668622153,
            28.29744007829751,
            20.740181511841527
        ],