{
    "fixed": {
        "allow_repeated_recalls": 0.0,
        "learn_after_context_update": 0.0
    },
    "free": {
        "encoding_drift_rate": [
            2.220446049250313e-16,
            0.9999999999999998
        ],
        "start_drift_rate": [
            2.220446049250313e-16,
            0.9999999999999998
        ],
        "recall_drift_rate": [
            2.220446049250313e-16,
            0.9999999999999998
        ],
        "shared_support": [
            2.220446049250313e-16,
            100.0
        ],
        "item_support": [
            2.220446049250313e-16,
            100.0
        ],
        "learning_rate": [
            2.220446049250313e-16,
            0.9999999999999998
        ],
        "primacy_scale": [
            2.220446049250313e-16,
            100.0
        ],
        "primacy_decay": [
            2.220446049250313e-16,
            100.0
        ],
        "choice_sensitivity": [
            2.220446049250313e-16,
            100.0
        ],
        "stop_probability_scale": [
            2.220446049250313e-16,
            1.0
        ],
        "stop_probability_growth": [
            2.220446049250313e-16,
            10.0
        ]
    },
    "fitness": [
        163.9146728515625
    ],
    "fits": {
        "allow_repeated_recalls": [
            0.0
        ],
        "learn_after_context_update": [
            0.0
        ],
        "encoding_drift_rate": [
            0.5097672530855143
        ],
        "start_drift_rate": [
            0.816956447339896
        ],
        "recall_drift_rate": [
            0.4486209034032062
        ],
        "shared_support": [
            64.70036558840361
        ],
        "item_support": [
            12.430457186887175
        ],
        "learning_rate": [
            0.8346383061171085
        ],
        "primacy_scale": [
            0.011749033040132417
        ],
        "primacy_decay": [
            70.44865816313302
        ],
        "choice_sensitivity": [
            8.42546383280164
        ],
        "stop_probability_scale": [
            0.008261107774748862
        ],
        "stop_probability_growth": [
            0.6556276411524777
        ],
        "subject": [
            212
        ]
    },
    "hyperparameters": {
        "bounds": {
            "encoding_drift_rate": [
                2.220446049250313e-16,
                0.9999999999999998
            ],
            "start_drift_rate": [
                2.220446049250313e-16,
                0.9999999999999998
            ],
            "recall_drift_rate": [
                2.220446049250313e-16,
                0.9999999999999998
            ],
            "shared_support": [
                2.220446049250313e-16,
                100.0
            ],
            "item_support": [
                2.220446049250313e-16,
                100.0
            ],
            "learning_rate": [
                2.220446049250313e-16,
                0.9999999999999998
            ],
            "primacy_scale": [
                2.220446049250313e-16,
                100.0
            ],
            "primacy_decay": [
                2.220446049250313e-16,
                100.0
            ],
            "choice_sensitivity": [
                2.220446049250313e-16,
                100.0
            ],
            "stop_probability_scale": [
                2.220446049250313e-16,
                1.0
            ],
            "stop_probability_growth": [
                2.220446049250313e-16,
                10.0
            ]
        },
        "num_steps": 1000,
        "pop_size": 15,
        "relative_tolerance": 0.001,
        "cross_over_rate": 0.9,
        "diff_w": 0.85,
        "best_of": 3
    },
    "fit_time": 400.9190347729891,
    "run_tag": "50_set_likelihood_predicted_term_best_of_3",
    "data_tag": "TalmiEEG",
    "trial_query": "data['subject'] > -1",
    "model": "CMR_PositionalStop",
    "name": "TalmiEEG_CMR_PositionalStop_50_set_likelihood_predicted_term_best_of_3",
    "components": {
        "mfc_create_fn": "jaxcmr.components.linear_memory.init_mfc",
        "mcf_create_fn": "jaxcmr.components.linear_memory.init_mcf",
        "context_create_fn": "jaxcmr.components.context.init",
        "termination_policy_create_fn": "jaxcmr.components.termination.PositionalTermination"
    },
    "fit_algorithm": "jaxcmr.fitting.ScipyDE",
    "loss_function": "jaxcmr.loss.set_permutation_likelihood.IncludeTerminationLikelihoodFnGenerator",
    "model_factory": "jaxcmr.models.cmr.make_factory",
    "embedding_path": "",
    "emotion_feature_path": "",
    "feature_column": "6",
    "concat_features": "False"
}