{
    "fixed": {
        "allow_repeated_recalls": 0.0,
        "learn_after_context_update": 0.0,
        "modulate_emotion_by_primacy": 0.0,
        "emotion_drift_rate": 1.0,
        "lpp_main_scale": 0.0,
        "lpp_main_threshold": 0.0,
        "lpp_inter_threshold": 0.0
    },
    "free": {
        "encoding_drift_rate": [
            2.220446049250313e-16,
            0.9999999999999998
        ],
        "start_drift_rate": [
            2.220446049250313e-16,
            0.9999999999999998
        ],
        "recall_drift_rate": [
            2.220446049250313e-16,
            0.9999999999999998
        ],
        "shared_support": [
            2.220446049250313e-16,
            100.0
        ],
        "item_support": [
            2.220446049250313e-16,
            100.0
        ],
        "learning_rate": [
            2.220446049250313e-16,
            0.9999999999999998
        ],
        "primacy_scale": [
            2.220446049250313e-16,
            100.0
        ],
        "primacy_decay": [
            2.220446049250313e-16,
            100.0
        ],
        "choice_sensitivity": [
            2.220446049250313e-16,
            100.0
        ],
        "emotion_scale": [
            2.220446049250313e-16,
            10.0
        ],
        "stop_probability_scale": [
            2.220446049250313e-16,
            1.0
        ],
        "stop_probability_growth": [
            2.220446049250313e-16,
            10.0
        ],
        "lpp_inter_scale": [
            2.220446049250313e-16,
            100.0
        ]
    },
    "fitness": [
        229.5059814453125
    ],
    "fits": {
        "allow_repeated_recalls": [
            0.0
        ],
        "learn_after_context_update": [
            0.0
        ],
        "modulate_emotion_by_primacy": [
            0.0
        ],
        "emotion_drift_rate": [
            1.0
        ],
        "lpp_main_scale": [
            0.0
        ],
        "lpp_main_threshold": [
            0.0
        ],
        "lpp_inter_threshold": [
            0.0
        ],
        "encoding_drift_rate": [
            0.5587260529869323
        ],
        "start_drift_rate": [
            0.021378992983004053
        ],
        "recall_drift_rate": [
            0.9999985105819424
        ],
        "shared_support": [
            67.49652252583338
        ],
        "item_support": [
            36.135137751651186
        ],
        "learning_rate": [
            0.929370152909581
        ],
        "primacy_scale": [
            0.6812391507360829
        ],
        "primacy_decay": [
            59.29792185210323
        ],
        "choice_sensitivity": [
            39.53185619930467
        ],
        "emotion_scale": [
            4.008778659576102
        ],
        "stop_probability_scale": [
            0.00011115672765110718
        ],
        "stop_probability_growth": [
            1.0067951875012722
        ],
        "lpp_inter_scale": [
            0.0463469583804752
        ],
        "subject": [
            222
        ]
    },
    "hyperparameters": {
        "bounds": {
            "encoding_drift_rate": [
                2.220446049250313e-16,
                0.9999999999999998
            ],
            "start_drift_rate": [
                2.220446049250313e-16,
                0.9999999999999998
            ],
            "recall_drift_rate": [
                2.220446049250313e-16,
                0.9999999999999998
            ],
            "shared_support": [
                2.220446049250313e-16,
                100.0
            ],
            "item_support": [
                2.220446049250313e-16,
                100.0
            ],
            "learning_rate": [
                2.220446049250313e-16,
                0.9999999999999998
            ],
            "primacy_scale": [
                2.220446049250313e-16,
                100.0
            ],
            "primacy_decay": [
                2.220446049250313e-16,
                100.0
            ],
            "choice_sensitivity": [
                2.220446049250313e-16,
                100.0
            ],
            "emotion_scale": [
                2.220446049250313e-16,
                10.0
            ],
            "stop_probability_scale": [
                2.220446049250313e-16,
                1.0
            ],
            "stop_probability_growth": [
                2.220446049250313e-16,
                10.0
            ],
            "lpp_inter_scale": [
                2.220446049250313e-16,
                100.0
            ]
        },
        "num_steps": 1000,
        "pop_size": 15,
        "relative_tolerance": 0.001,
        "cross_over_rate": 0.9,
        "diff_w": 0.85,
        "best_of": 3
    },
    "fit_time": 1584.0188378710009,
    "run_tag": "50_set_likelihood_predicted_term_best_of_3",
    "data_tag": "TalmiEEG",
    "trial_query": "data['subject'] > -1",
    "model": "LPP_eCMR_RatioStop",
    "name": "TalmiEEG_LPP_eCMR_RatioStop_50_set_likelihood_predicted_term_best_of_3",
    "components": {
        "mfc_create_fn": "jaxcmr.components.linear_memory.init_mfc",
        "mcf_create_fn": "jaxcmr.components.linear_memory.init_mcf",
        "context_create_fn": "jaxcmr.components.context.init",
        "termination_policy_create_fn": "jaxcmr.components.termination.SupportRatioTermination"
    },
    "fit_algorithm": "jaxcmr.fitting.ScipyDE",
    "loss_function": "jaxcmr.loss.set_permutation_likelihood.IncludeTerminationLikelihoodFnGenerator",
    "model_factory": "lpp_ecmr.models.full_eeg_ecmr.make_factory",
    "embedding_path": "",
    "emotion_feature_path": "",
    "feature_column": "6",
    "concat_features": "False"
}