{
    "fixed": {
        "allow_repeated_recalls": 0.0,
        "learn_after_context_update": 0.0,
        "modulate_emotion_by_primacy": 0.0
    },
    "free": {
        "encoding_drift_rate": [
            2.220446049250313e-16,
            0.9999999999999998
        ],
        "start_drift_rate": [
            2.220446049250313e-16,
            0.9999999999999998
        ],
        "recall_drift_rate": [
            2.220446049250313e-16,
            0.9999999999999998
        ],
        "shared_support": [
            2.220446049250313e-16,
            100.0
        ],
        "item_support": [
            2.220446049250313e-16,
            100.0
        ],
        "learning_rate": [
            2.220446049250313e-16,
            0.9999999999999998
        ],
        "primacy_scale": [
            2.220446049250313e-16,
            100.0
        ],
        "primacy_decay": [
            2.220446049250313e-16,
            100.0
        ],
        "choice_sensitivity": [
            2.220446049250313e-16,
            100.0
        ],
        "emotion_scale": [
            2.220446049250313e-16,
            10.0
        ]
    },
    "fitness": [
        279.2235107421875,
        225.96908569335938,
        270.3657531738281,
        177.57261657714844,
        190.12222290039062,
        228.62181091308594,
        220.8670196533203,
        209.3596649169922,
        136.9901885986328,
        207.6869354248047,
        225.21810913085938,
        195.64263916015625,
        262.9667663574219,
        258.7465515136719,
        287.4564514160156,
        169.2373046875,
        171.97915649414062,
        151.80409240722656,
        211.15240478515625,
        176.52532958984375,
        169.9103240966797,
        233.4894561767578,
        167.7723846435547,
        260.44952392578125,
        176.4958038330078,
        240.71112060546875,
        224.57156372070312,
        215.42745971679688,
        250.2423095703125,
        179.270751953125,
        246.12454223632812,
        309.42315673828125,
        155.7661590576172,
        115.92909240722656,
        317.02349853515625,
        164.07888793945312,
        257.3503723144531,
        128.6130828857422
    ],
    "fits": {
        "encoding_drift_rate": [
            0.5543819448967264,
            0.6376448321170691,
            0.9740188494585765,
            0.4972122173952839,
            0.45459188581916377,
            0.3598516512925224,
            0.9952718172619801,
            0.7644706752266958,
            0.37094817908804867,
            0.592972163405855,
            0.2993666951986289,
            0.9989805552259445,
            0.9358550367126994,
            0.9806410116274061,
            0.6309125797016708,
            0.2279092621076237,
            0.9996019307925018,
            0.3279236775325357,
            0.4430081868068765,
            0.20996081674543754,
            0.08915647038682989,
            0.4016560938036264,
            0.5968927453331478,
            0.6774903111028274,
            0.9078990637972135,
            0.5104488579521822,
            0.6927257532009915,
            0.7160867609177376,
            0.24702811588379547,
            0.9999999999999998,
            0.4992227618124546,
            0.5681280233106178,
            0.16677969336457613,
            0.0643321354634861,
            0.7412412939428932,
            0.023230760884847684,
            0.7031652806265204,
            0.508279895315874
        ],
        "start_drift_rate": [
            0.7319508247365732,
            0.5645538461936915,
            0.005325404767455411,
            0.0022754111608535577,
            0.9188803926585203,
            0.020219936818615336,
            0.9995492578225365,
            0.26346241050756897,
            0.9926043880778572,
            0.9967433812724192,
            0.25397109330338763,
            0.024871543988147556,
            0.01742021482818673,
            0.3771274659787534,
            0.2261102271277638,
            0.17699464920864344,
            0.9141486455237104,
            0.6275073153545232,
            0.4955946504350167,
            0.2058416850222068,
            0.7258216927293072,
            0.2019435882181474,
            0.006130159636399901,
            0.004993393008786595,
            2.220446049250313e-16,
            0.33590475838221767,
            0.02530115633944513,
            0.8458603907383746,
            0.5525914947975692,
            0.6815573943596237,
            0.20233879150088757,
            0.007013665121295143,
            0.000501692625658523,
            0.9990104260562156,
            0.7859014494928777,
            0.9585748948070932,
            0.5520293063744532,
            0.7613976395428452
        ],
        "recall_drift_rate": [
            0.7801336531713103,
            0.8117485438770659,
            0.010568955888347033,
            0.010296128271892215,
            0.25748926802016114,
            0.3904864603927951,
            0.5998966953568147,
            0.9508317210781924,
            0.03161125003988635,
            0.0032014495740219084,
            0.8807608840185464,
            0.7761201236778494,
            0.3246921907083391,
            0.23453502597544856,
            0.4199994919748701,
            0.4016016471287521,
            0.7241729533034414,
            0.005298280395475156,
            0.9648051174885918,
            0.8134970497822807,
            0.20937143573399808,
            0.9986762857859223,
            0.8215406933695186,
            0.7803373501262858,
            2.220446049250313e-16,
            0.8942589801714131,
            0.7797193674099984,
            0.9798490124013767,
            0.2575258386638106,
            0.8563636881614511,
            0.33266539802913697,
            0.2711556949636833,
            0.9988108342234177,
            0.8167898919083962,
            0.9895926772695752,
            0.9459621800317392,
            0.9250925919032227,
            0.9997589787705006
        ],
        "shared_support": [
            41.86509833334861,
            48.276779721797126,
            16.141575060859175,
            35.51394368466933,
            92.66945759746812,
            43.227115737642336,
            15.079122439067845,
            20.804563723864046,
            51.61343407771325,
            75.2144320621656,
            4.86005102123314,
            7.269754128872258,
            30.897206193640347,
            0.40628459877500234,
            0.14317704560729538,
            0.6611577489783329,
            69.29802789419986,
            86.95446875830379,
            78.89914358897883,
            6.772714540751558,
            92.53486852998083,
            11.412761819575735,
            53.70383730114398,
            69.04869250818841,
            15.08199314490227,
            98.51273195280126,
            61.127026839172025,
            0.008642199421856844,
            77.1552480418383,
            5.076895909125071,
            58.63034734305168,
            77.30050654569503,
            70.78565312839399,
            90.16761913805999,
            0.6430300079215314,
            47.162459398361676,
            91.59449681181243,
            55.23585876193528
        ],