{
    "fixed": {
        "allow_repeated_recalls": 0.0,
        "modulate_emotion_by_primacy": 0.0,
        "learn_after_context_update": 0.0,
        "lpp_main_scale": 0.0,
        "lpp_main_threshold": 0.0,
        "lpp_inter_scale": 0.0,
        "lpp_inter_threshold": 0.0
    },
    "free": {
        "encoding_drift_rate": [
            2.220446049250313e-16,
            0.9999999999999998
        ],
        "start_drift_rate": [
            2.220446049250313e-16,
            0.9999999999999998
        ],
        "recall_drift_rate": [
            2.220446049250313e-16,
            0.9999999999999998
        ],
        "shared_support": [
            2.220446049250313e-16,
            100.0
        ],
        "item_support": [
            2.220446049250313e-16,
            100.0
        ],
        "learning_rate": [
            2.220446049250313e-16,
            0.9999999999999998
        ],
        "primacy_scale": [
            2.220446049250313e-16,
            100.0
        ],
        "primacy_decay": [
            2.220446049250313e-16,
            100.0
        ],
        "choice_sensitivity": [
            2.220446049250313e-16,
            100.0
        ],
        "emotion_scale": [
            2.220446049250313e-16,
            10.0
        ]
    },
    "fitness": [
        8269.896484375
    ],
    "fits": {
        "allow_repeated_recalls": [
            0.0
        ],
        "modulate_emotion_by_primacy": [
            0.0
        ],
        "learn_after_context_update": [
            0.0
        ],
        "lpp_main_scale": [
            0.0
        ],
        "lpp_main_threshold": [
            0.0
        ],
        "lpp_inter_scale": [
            0.0
        ],
        "lpp_inter_threshold": [
            0.0
        ],
        "encoding_drift_rate": [
            0.058445670330239285
        ],
        "start_drift_rate": [
            0.965515435412109
        ],
        "recall_drift_rate": [
            0.27501369712729845
        ],
        "shared_support": [
            65.62214594103972
        ],
        "item_support": [
            94.32266727678677
        ],
        "learning_rate": [
            0.04910298794582646
        ],
        "primacy_scale": [
            5.240137785712953
        ],
        "primacy_decay": [
            57.47056301662062
        ],
        "choice_sensitivity": [
            3.8057059387823315
        ],
        "emotion_scale": [
            8.041898847014412
        ],
        "subject": [
            -1
        ]
    },
    "hyperparameters": {
        "bounds": {
            "encoding_drift_rate": [
                2.220446049250313e-16,
                0.9999999999999998
            ],
            "start_drift_rate": [
                2.220446049250313e-16,
                0.9999999999999998
            ],
            "recall_drift_rate": [
                2.220446049250313e-16,
                0.9999999999999998
            ],
            "shared_support": [
                2.220446049250313e-16,
                100.0
            ],
            "item_support": [
                2.220446049250313e-16,
                100.0
            ],
            "learning_rate": [
                2.220446049250313e-16,
                0.9999999999999998
            ],
            "primacy_scale": [
                2.220446049250313e-16,
                100.0
            ],
            "primacy_decay": [
                2.220446049250313e-16,
                100.0
            ],
            "choice_sensitivity": [
                2.220446049250313e-16,
                100.0
            ],
            "emotion_scale": [
                2.220446049250313e-16,
                10.0
            ]
        },
        "num_steps": 1000,
        "pop_size": 15,
        "relative_tolerance": 0.001,
        "cross_over_rate": 0.9,
        "diff_w": 0.85,
        "best_of": 3
    },
    "fit_time": 5295.123873000033,
    "run_tag": "single_set_likelihood_fixed_term_best_of_3",
    "data_tag": "TalmiEEG",
    "data_query": "data['subject'] > -1",
    "model": "EEGEmotionOnly",
    "name": "TalmiEEG_EEGEmotionOnly_single_set_likelihood_fixed_term_best_of_3",
    "components": {
        "mfc_create_fn": "jaxcmr.components.linear_memory.init_mfc",
        "mcf_create_fn": "jaxcmr.components.linear_memory.init_mcf",
        "context_create_fn": "jaxcmr.components.context.init",
        "termination_policy_create_fn": "jaxcmr.components.termination.NoStopTermination"
    },
    "fit_algorithm": "jaxcmr.fitting.ScipyDE",
    "loss_function": "jaxcmr.loss.set_permutation_likelihood.MemorySearchLikelihoodFnGenerator",
    "model_factory": "jaxcmr.models.eeg_cmr.make_factory",
    "embedding_path": "",
    "emotion_feature_path": "",
    "feature_column": "6",
    "concat_features": "False"
}