{
    "fixed": {
        "allow_repeated_recalls": 0.0,
        "learn_after_context_update": 0.0,
        "modulate_emotion_by_primacy": 0.0,
        "emotion_drift_rate": 1.0,
        "lpp_main_scale": 0.0,
        "lpp_main_threshold": 0.0,
        "lpp_inter_scale": 0.0,
        "lpp_inter_threshold": 0.0
    },
    "free": {
        "encoding_drift_rate": [
            2.220446049250313e-16,
            0.9999999999999998
        ],
        "start_drift_rate": [
            2.220446049250313e-16,
            0.9999999999999998
        ],
        "recall_drift_rate": [
            2.220446049250313e-16,
            0.9999999999999998
        ],
        "shared_support": [
            2.220446049250313e-16,
            100.0
        ],
        "item_support": [
            2.220446049250313e-16,
            100.0
        ],
        "learning_rate": [
            2.220446049250313e-16,
            0.9999999999999998
        ],
        "primacy_scale": [
            2.220446049250313e-16,
            100.0
        ],
        "primacy_decay": [
            2.220446049250313e-16,
            100.0
        ],
        "choice_sensitivity": [
            2.220446049250313e-16,
            100.0
        ],
        "emotion_scale": [
            2.220446049250313e-16,
            10.0
        ],
        "stop_probability_scale": [
            2.220446049250313e-16,
            1.0
        ],
        "stop_probability_growth": [
            2.220446049250313e-16,
            10.0
        ]
    },
    "fitness": [
        276.7088623046875
    ],
    "fits": {
        "allow_repeated_recalls": [
            0.0
        ],
        "learn_after_context_update": [
            0.0
        ],
        "modulate_emotion_by_primacy": [
            0.0
        ],
        "emotion_drift_rate": [
            1.0
        ],
        "lpp_main_scale": [
            0.0
        ],
        "lpp_main_threshold": [
            0.0
        ],
        "lpp_inter_scale": [
            0.0
        ],
        "lpp_inter_threshold": [
            0.0
        ],
        "encoding_drift_rate": [
            0.07341147016909454
        ],
        "start_drift_rate": [
            0.3845627186566702
        ],
        "recall_drift_rate": [
            0.9727570918684096
        ],
        "shared_support": [
            19.24600925353538
        ],
        "item_support": [
            15.868147399100138
        ],
        "learning_rate": [
            0.9541927994304173
        ],
        "primacy_scale": [
            0.4788144541543602
        ],
        "primacy_decay": [
            82.21357948780664
        ],
        "choice_sensitivity": [
            21.711158245329237
        ],
        "emotion_scale": [
            0.2952932280145273
        ],
        "stop_probability_scale": [
            0.0007390560699733761
        ],
        "stop_probability_growth": [
            1.4731858594107066
        ],
        "subject": [
            241
        ]
    },
    "hyperparameters": {
        "bounds": {
            "encoding_drift_rate": [
                2.220446049250313e-16,
                0.9999999999999998
            ],
            "start_drift_rate": [
                2.220446049250313e-16,
                0.9999999999999998
            ],
            "recall_drift_rate": [
                2.220446049250313e-16,
                0.9999999999999998
            ],
            "shared_support": [
                2.220446049250313e-16,
                100.0
            ],
            "item_support": [
                2.220446049250313e-16,
                100.0
            ],
            "learning_rate": [
                2.220446049250313e-16,
                0.9999999999999998
            ],
            "primacy_scale": [
                2.220446049250313e-16,
                100.0
            ],
            "primacy_decay": [
                2.220446049250313e-16,
                100.0
            ],
            "choice_sensitivity": [
                2.220446049250313e-16,
                100.0
            ],
            "emotion_scale": [
                2.220446049250313e-16,
                10.0
            ],
            "stop_probability_scale": [
                2.220446049250313e-16,
                1.0
            ],
            "stop_probability_growth": [
                2.220446049250313e-16,
                10.0
            ]
        },
        "num_steps": 1000,
        "pop_size": 15,
        "relative_tolerance": 0.001,
        "cross_over_rate": 0.9,
        "diff_w": 0.85,
        "best_of": 3
    },
    "fit_time": 948.4878870279936,
    "run_tag": "50_set_likelihood_predicted_term_best_of_3",
    "data_tag": "TalmiEEG",
    "trial_query": "data['subject'] > -1",
    "model": "eCMR_RatioStop",
    "name": "TalmiEEG_eCMR_RatioStop_50_set_likelihood_predicted_term_best_of_3",
    "components": {
        "mfc_create_fn": "jaxcmr.components.linear_memory.init_mfc",
        "mcf_create_fn": "jaxcmr.components.linear_memory.init_mcf",
        "context_create_fn": "jaxcmr.components.context.init",
        "termination_policy_create_fn": "jaxcmr.components.termination.SupportRatioTermination"
    },
    "fit_algorithm": "jaxcmr.fitting.ScipyDE",
    "loss_function": "jaxcmr.loss.set_permutation_likelihood.IncludeTerminationLikelihoodFnGenerator",
    "model_factory": "lpp_ecmr.models.full_eeg_ecmr.make_factory",
    "embedding_path": "",
    "emotion_feature_path": "",
    "feature_column": "6",
    "concat_features": "False"
}