{
    "fixed": {
        "allow_repeated_recalls": 0.0,
        "learn_after_context_update": 0.0,
        "modulate_emotion_by_primacy": 0.0,
        "emotion_scale": 0.0,
        "lpp_main_threshold": 0.0,
        "lpp_inter_scale": 0.0,
        "lpp_inter_threshold": 0.0
    },
    "free": {
        "encoding_drift_rate": [
            2.220446049250313e-16,
            0.9999999999999998
        ],
        "start_drift_rate": [
            2.220446049250313e-16,
            0.9999999999999998
        ],
        "recall_drift_rate": [
            2.220446049250313e-16,
            0.9999999999999998
        ],
        "shared_support": [
            2.220446049250313e-16,
            100.0
        ],
        "item_support": [
            2.220446049250313e-16,
            100.0
        ],
        "learning_rate": [
            2.220446049250313e-16,
            0.9999999999999998
        ],
        "primacy_scale": [
            2.220446049250313e-16,
            100.0
        ],
        "primacy_decay": [
            2.220446049250313e-16,
            100.0
        ],
        "choice_sensitivity": [
            2.220446049250313e-16,
            100.0
        ],
        "stop_probability_scale": [
            2.220446049250313e-16,
            1.0
        ],
        "stop_probability_growth": [
            2.220446049250313e-16,
            10.0
        ],
        "lpp_main_scale": [
            2.220446049250313e-16,
            100.0
        ]
    },
    "fitness": [
        281.35162353515625
    ],
    "fits": {
        "allow_repeated_recalls": [
            0.0
        ],
        "learn_after_context_update": [
            0.0
        ],
        "modulate_emotion_by_primacy": [
            0.0
        ],
        "emotion_scale": [
            0.0
        ],
        "lpp_main_threshold": [
            0.0
        ],
        "lpp_inter_scale": [
            0.0
        ],
        "lpp_inter_threshold": [
            0.0
        ],
        "encoding_drift_rate": [
            0.9717003909730101
        ],
        "start_drift_rate": [
            0.771577476740015
        ],
        "recall_drift_rate": [
            0.03376872174310974
        ],
        "shared_support": [
            89.97342156898651
        ],
        "item_support": [
            53.26441434203838
        ],
        "learning_rate": [
            0.43347242701261635
        ],
        "primacy_scale": [
            0.32963913619084906
        ],
        "primacy_decay": [
            20.11778929443617
        ],
        "choice_sensitivity": [
            4.131189750402143
        ],
        "stop_probability_scale": [
            0.0007588023668430588
        ],
        "stop_probability_growth": [
            0.5217140546452042
        ],
        "lpp_main_scale": [
            60.14319602305294
        ],
        "subject": [
            216
        ]
    },
    "hyperparameters": {
        "bounds": {
            "encoding_drift_rate": [
                2.220446049250313e-16,
                0.9999999999999998
            ],
            "start_drift_rate": [
                2.220446049250313e-16,
                0.9999999999999998
            ],
            "recall_drift_rate": [
                2.220446049250313e-16,
                0.9999999999999998
            ],
            "shared_support": [
                2.220446049250313e-16,
                100.0
            ],
            "item_support": [
                2.220446049250313e-16,
                100.0
            ],
            "learning_rate": [
                2.220446049250313e-16,
                0.9999999999999998
            ],
            "primacy_scale": [
                2.220446049250313e-16,
                100.0
            ],
            "primacy_decay": [
                2.220446049250313e-16,
                100.0
            ],
            "choice_sensitivity": [
                2.220446049250313e-16,
                100.0
            ],
            "stop_probability_scale": [
                2.220446049250313e-16,
                1.0
            ],
            "stop_probability_growth": [
                2.220446049250313e-16,
                10.0
            ],
            "lpp_main_scale": [
                2.220446049250313e-16,
                100.0
            ]
        },
        "num_steps": 1000,
        "pop_size": 15,
        "relative_tolerance": 0.001,
        "cross_over_rate": 0.9,
        "diff_w": 0.85,
        "best_of": 3
    },
    "fit_time": 930.1954440989939,
    "run_tag": "50_set_likelihood_predicted_term_best_of_3",
    "data_tag": "TalmiEEG",
    "trial_query": "data['subject'] > -1",
    "model": "LPP_CMR_PositionalStop",
    "name": "TalmiEEG_LPP_CMR_PositionalStop_50_set_likelihood_predicted_term_best_of_3",
    "components": {
        "mfc_create_fn": "jaxcmr.components.linear_memory.init_mfc",
        "mcf_create_fn": "jaxcmr.components.linear_memory.init_mcf",
        "context_create_fn": "jaxcmr.components.context.init",
        "termination_policy_create_fn": "jaxcmr.components.termination.PositionalTermination"
    },
    "fit_algorithm": "jaxcmr.fitting.ScipyDE",
    "loss_function": "jaxcmr.loss.set_permutation_likelihood.IncludeTerminationLikelihoodFnGenerator",
    "model_factory": "lpp_ecmr.models.single_eeg_ecmr.make_factory",
    "embedding_path": "",
    "emotion_feature_path": "",
    "feature_column": "6",
    "concat_features": "False"
}