{
    "fixed": {
        "allow_repeated_recalls": 0.0,
        "learn_after_context_update": 0.0
    },
    "free": {
        "encoding_drift_rate": [
            2.220446049250313e-16,
            0.9999999999999998
        ],
        "start_drift_rate": [
            2.220446049250313e-16,
            0.9999999999999998
        ],
        "recall_drift_rate": [
            2.220446049250313e-16,
            0.9999999999999998
        ],
        "shared_support": [
            2.220446049250313e-16,
            100.0
        ],
        "item_support": [
            2.220446049250313e-16,
            100.0
        ],
        "learning_rate": [
            2.220446049250313e-16,
            0.9999999999999998
        ],
        "primacy_scale": [
            2.220446049250313e-16,
            100.0
        ],
        "primacy_decay": [
            2.220446049250313e-16,
            100.0
        ],
        "choice_sensitivity": [
            2.220446049250313e-16,
            100.0
        ],
        "stop_probability_scale": [
            2.220446049250313e-16,
            1.0
        ],
        "stop_probability_growth": [
            2.220446049250313e-16,
            10.0
        ]
    },
    "fitness": [
        196.52957153320312
    ],
    "fits": {
        "allow_repeated_recalls": [
            0.0
        ],
        "learn_after_context_update": [
            0.0
        ],
        "encoding_drift_rate": [
            0.9845737706718369
        ],
        "start_drift_rate": [
            0.022723105275611777
        ],
        "recall_drift_rate": [
            0.9432587170869839
        ],
        "shared_support": [
            30.366024510777294
        ],
        "item_support": [
            10.607724742266583
        ],
        "learning_rate": [
            0.010818022044183695
        ],
        "primacy_scale": [
            27.65715215858919
        ],
        "primacy_decay": [
            77.91201209323191
        ],
        "choice_sensitivity": [
            54.08296554115755
        ],
        "stop_probability_scale": [
            0.043449651687014534
        ],
        "stop_probability_growth": [
            0.1971198954048594
        ],
        "subject": [
            240
        ]
    },
    "hyperparameters": {
        "bounds": {
            "encoding_drift_rate": [
                2.220446049250313e-16,
                0.9999999999999998
            ],
            "start_drift_rate": [
                2.220446049250313e-16,
                0.9999999999999998
            ],
            "recall_drift_rate": [
                2.220446049250313e-16,
                0.9999999999999998
            ],
            "shared_support": [
                2.220446049250313e-16,
                100.0
            ],
            "item_support": [
                2.220446049250313e-16,
                100.0
            ],
            "learning_rate": [
                2.220446049250313e-16,
                0.9999999999999998
            ],
            "primacy_scale": [
                2.220446049250313e-16,
                100.0
            ],
            "primacy_decay": [
                2.220446049250313e-16,
                100.0
            ],
            "choice_sensitivity": [
                2.220446049250313e-16,
                100.0
            ],
            "stop_probability_scale": [
                2.220446049250313e-16,
                1.0
            ],
            "stop_probability_growth": [
                2.220446049250313e-16,
                10.0
            ]
        },
        "num_steps": 1000,
        "pop_size": 15,
        "relative_tolerance": 0.001,
        "cross_over_rate": 0.9,
        "diff_w": 0.85,
        "best_of": 3
    },
    "fit_time": 754.0176277760183,
    "run_tag": "50_set_likelihood_predicted_term_best_of_3",
    "data_tag": "TalmiEEG",
    "trial_query": "data['subject'] > -1",
    "model": "CMR_PositionalStop",
    "name": "TalmiEEG_CMR_PositionalStop_50_set_likelihood_predicted_term_best_of_3",
    "components": {
        "mfc_create_fn": "jaxcmr.components.linear_memory.init_mfc",
        "mcf_create_fn": "jaxcmr.components.linear_memory.init_mcf",
        "context_create_fn": "jaxcmr.components.context.init",
        "termination_policy_create_fn": "jaxcmr.components.termination.PositionalTermination"
    },
    "fit_algorithm": "jaxcmr.fitting.ScipyDE",
    "loss_function": "jaxcmr.loss.set_permutation_likelihood.IncludeTerminationLikelihoodFnGenerator",
    "model_factory": "jaxcmr.models.cmr.make_factory",
    "embedding_path": "",
    "emotion_feature_path": "",
    "feature_column": "6",
    "concat_features": "False"
}