{
    "fixed": {
        "allow_repeated_recalls": 0.0,
        "learn_after_context_update": 0.0,
        "modulate_emotion_by_primacy": 0.0,
        "emotion_drift_rate": 1.0,
        "lpp_main_scale": 0.0,
        "lpp_main_threshold": 0.0,
        "lpp_inter_threshold": 0.0
    },
    "free": {
        "encoding_drift_rate": [
            2.220446049250313e-16,
            0.9999999999999998
        ],
        "start_drift_rate": [
            2.220446049250313e-16,
            0.9999999999999998
        ],
        "recall_drift_rate": [
            2.220446049250313e-16,
            0.9999999999999998
        ],
        "shared_support": [
            2.220446049250313e-16,
            100.0
        ],
        "item_support": [
            2.220446049250313e-16,
            100.0
        ],
        "learning_rate": [
            2.220446049250313e-16,
            0.9999999999999998
        ],
        "primacy_scale": [
            2.220446049250313e-16,
            100.0
        ],
        "primacy_decay": [
            2.220446049250313e-16,
            100.0
        ],
        "choice_sensitivity": [
            2.220446049250313e-16,
            100.0
        ],
        "emotion_scale": [
            2.220446049250313e-16,
            10.0
        ],
        "stop_probability_scale": [
            2.220446049250313e-16,
            1.0
        ],
        "stop_probability_growth": [
            2.220446049250313e-16,
            10.0
        ],
        "lpp_inter_scale": [
            2.220446049250313e-16,
            100.0
        ]
    },
    "fitness": [
        210.01097106933594
    ],
    "fits": {
        "allow_repeated_recalls": [
            0.0
        ],
        "learn_after_context_update": [
            0.0
        ],
        "modulate_emotion_by_primacy": [
            0.0
        ],
        "emotion_drift_rate": [
            1.0
        ],
        "lpp_main_scale": [
            0.0
        ],
        "lpp_main_threshold": [
            0.0
        ],
        "lpp_inter_threshold": [
            0.0
        ],
        "encoding_drift_rate": [
            0.7077149320788573
        ],
        "start_drift_rate": [
            0.914186572150461
        ],
        "recall_drift_rate": [
            0.9974427067619815
        ],
        "shared_support": [
            58.08548311667181
        ],
        "item_support": [
            16.421056462649425
        ],
        "learning_rate": [
            0.02533912780676001
        ],
        "primacy_scale": [
            83.11016522155529
        ],
        "primacy_decay": [
            0.9065116502832566
        ],
        "choice_sensitivity": [
            1.990961868711878
        ],
        "emotion_scale": [
            5.790387198901317
        ],
        "stop_probability_scale": [
            0.0011572839076390284
        ],
        "stop_probability_growth": [
            0.7480560398952916
        ],
        "lpp_inter_scale": [
            96.64610362667716
        ],
        "subject": [
            215
        ]
    },
    "hyperparameters": {
        "bounds": {
            "encoding_drift_rate": [
                2.220446049250313e-16,
                0.9999999999999998
            ],
            "start_drift_rate": [
                2.220446049250313e-16,
                0.9999999999999998
            ],
            "recall_drift_rate": [
                2.220446049250313e-16,
                0.9999999999999998
            ],
            "shared_support": [
                2.220446049250313e-16,
                100.0
            ],
            "item_support": [
                2.220446049250313e-16,
                100.0
            ],
            "learning_rate": [
                2.220446049250313e-16,
                0.9999999999999998
            ],
            "primacy_scale": [
                2.220446049250313e-16,
                100.0
            ],
            "primacy_decay": [
                2.220446049250313e-16,
                100.0
            ],
            "choice_sensitivity": [
                2.220446049250313e-16,
                100.0
            ],
            "emotion_scale": [
                2.220446049250313e-16,
                10.0
            ],
            "stop_probability_scale": [
                2.220446049250313e-16,
                1.0
            ],
            "stop_probability_growth": [
                2.220446049250313e-16,
                10.0
            ],
            "lpp_inter_scale": [
                2.220446049250313e-16,
                100.0
            ]
        },
        "num_steps": 1000,
        "pop_size": 15,
        "relative_tolerance": 0.001,
        "cross_over_rate": 0.9,
        "diff_w": 0.85,
        "best_of": 3
    },
    "fit_time": 1171.4174847399117,
    "run_tag": "50_set_likelihood_predicted_term_best_of_3",
    "data_tag": "TalmiEEG",
    "trial_query": "data['subject'] > -1",
    "model": "LPP_eCMR_RatioStop",
    "name": "TalmiEEG_LPP_eCMR_RatioStop_50_set_likelihood_predicted_term_best_of_3",
    "components": {
        "mfc_create_fn": "jaxcmr.components.linear_memory.init_mfc",
        "mcf_create_fn": "jaxcmr.components.linear_memory.init_mcf",
        "context_create_fn": "jaxcmr.components.context.init",
        "termination_policy_create_fn": "jaxcmr.components.termination.SupportRatioTermination"
    },
    "fit_algorithm": "jaxcmr.fitting.ScipyDE",
    "loss_function": "jaxcmr.loss.set_permutation_likelihood.IncludeTerminationLikelihoodFnGenerator",
    "model_factory": "lpp_ecmr.models.full_eeg_ecmr.make_factory",
    "embedding_path": "",
    "emotion_feature_path": "",
    "feature_column": "6",
    "concat_features": "False"
}