{
  "fixed": {
    "allow_repeated_recalls": 0.0,
    "learn_after_context_update": 1.0,
    "source_recall_drift_rate": 1.0,
    "phi_emot_modulates_temporal": 0.0
  },
  "free": {
    "encoding_drift_rate": [
      2.220446049250313e-16,
      0.9999999999999998
    ],
    "start_drift_rate": [
      2.220446049250313e-16,
      0.9999999999999998
    ],
    "recall_drift_rate": [
      2.220446049250313e-16,
      0.9999999999999998
    ],
    "shared_support": [
      2.220446049250313e-16,
      100.0
    ],
    "item_support": [
      2.220446049250313e-16,
      100.0
    ],
    "learning_rate": [
      2.220446049250313e-16,
      0.9999999999999998
    ],
    "primacy_scale": [
      2.220446049250313e-16,
      100.0
    ],
    "primacy_decay": [
      2.220446049250313e-16,
      100.0
    ],
    "choice_sensitivity": [
      2.220446049250313e-16,
      100.0
    ],
    "emotion_scale": [
      2.220446049250313e-16,
      10.0
    ],
    "lpp_main_scale": [
      0.0,
      0.21454430108484696
    ],
    "lpp_inter_scale": [
      0.0,
      0.21454430108484696
    ],
    "source_encoding_drift_rate": [
      2.220446049250313e-16,
      0.9999999999999998
    ],
    "source_learning_rate": [
      2.220446049250313e-16,
      10.0
    ]
  },
  "fitness": [
    8241.9296875
  ],
  "fits": {
    "allow_repeated_recalls": [
      0.0
    ],
    "learn_after_context_update": [
      1.0
    ],
    "source_recall_drift_rate": [
      1.0
    ],
    "phi_emot_modulates_temporal": [
      0.0
    ],
    "encoding_drift_rate": [
      0.8146103620529175
    ],
    "start_drift_rate": [
      0.999916136264801
    ],
    "recall_drift_rate": [
      0.3201783001422882
    ],
    "shared_support": [
      4.926114082336426
    ],
    "item_support": [
      66.67839813232422
    ],
    "learning_rate": [
      0.2544732391834259
    ],
    "primacy_scale": [
      0.7896028161048889
    ],
    "primacy_decay": [
      1.1690847873687744
    ],
    "choice_sensitivity": [
      1.5078374147415161
    ],
    "emotion_scale": [
      2.007467269897461
    ],
    "lpp_main_scale": [
      0.015916433185338974
    ],
    "lpp_inter_scale": [
      0.12579335272312164
    ],
    "source_encoding_drift_rate": [
      0.0390273779630661
    ],
    "source_learning_rate": [
      4.627108097076416
    ],
    "subject": [
      -1
    ]
  },
  "nit": [
    127
  ],
  "converged": [
    true
  ],
  "hyperparameters": {
    "bounds": {
      "encoding_drift_rate": [
        2.220446049250313e-16,
        0.9999999999999998
      ],
      "start_drift_rate": [
        2.220446049250313e-16,
        0.9999999999999998
      ],
      "recall_drift_rate": [
        2.220446049250313e-16,
        0.9999999999999998
      ],
      "shared_support": [
        2.220446049250313e-16,
        100.0
      ],
      "item_support": [
        2.220446049250313e-16,
        100.0
      ],
      "learning_rate": [
        2.220446049250313e-16,
        0.9999999999999998
      ],
      "primacy_scale": [
        2.220446049250313e-16,
        100.0
      ],
      "primacy_decay": [
        2.220446049250313e-16,
        100.0
      ],
      "choice_sensitivity": [
        2.220446049250313e-16,
        100.0
      ],
      "emotion_scale": [
        2.220446049250313e-16,
        10.0
      ],
      "lpp_main_scale": [
        0.0,
        0.21454430108484696
      ],
      "lpp_inter_scale": [
        0.0,
        0.21454430108484696
      ],
      "source_encoding_drift_rate": [
        2.220446049250313e-16,
        0.9999999999999998
      ],
      "source_learning_rate": [
        2.220446049250313e-16,
        10.0
      ]
    },
    "num_steps": 1000,
    "pop_size": 15,
    "population_size": 210,
    "relative_tolerance": 0.0001,
    "absolute_tolerance": 0.0,
    "cross_over_rate": 0.9,
    "diff_w": [
      0.5,
      1.0
    ],
    "best_of": 3,
    "init": "latinhypercube",
    "boundary_handling": "resample",
    "seed": 0,
    "nonfinite_penalty": 1e+30
  },
  "fit_time": 28272.072827021955,
  "run_tag": "pooled_evosax_set_likelihood_best_of_3",
  "data_tag": "TalmiEEG",
  "data_path": "data/TalmiEEG.h5",
  "data_sha256": "99d30444c9755fa98ad8a346448708efa5ecac60b00744e6326eb8b8d9ac4439",
  "trial_query": "data['list_type'] == 0",
  "model": "EEM_eCMR_LPP_Full",
  "name": "EEM_eCMR_LPP_Full_best_of_3",
  "components": {
    "mfc_create_fn": "jaxcmr.components.linear_memory.init_mfc",
    "mcf_create_fn": "jaxcmr.components.linear_memory.init_mcf",
    "context_create_fn": "jaxcmr.components.context.init",
    "termination_policy_create_fn": "jaxcmr.components.termination.NoStopTermination"
  },
  "fit_algorithm": "jaxcmr.fitting.EvosaxDE",
  "loss_function": "jaxcmr.loss.set_permutation_likelihood.ExcludeTerminationLikelihoodLoss",
  "model_factory": "lpp_ecmr.models.full_eeg_ecmr.make_factory",
  "embedding_path": "",
  "emotion_feature_path": "",
  "concat_features": "False",
  "source_sha256": {
    "lpp_ecmr/model_comparison_registry.py": "74571d6cc02f70b1a0760148250c5f50f4df17d88e25c9cf5a92312c96fad1fb",
    "lpp_ecmr/models/learning_strength.py": "cd4cd64afca20aca38e25deff2e358d4563fd303311e43de128ad659142b2eaf",
    "lpp_ecmr/models/single_eeg_ecmr.py": "41b1d147ff9a3f1e6e479b9f2de3f97c61f21a2fd80dac9e67725dc03f929eed",
    "lpp_ecmr/models/full_eeg_ecmr.py": "65ea1e6f4d9f7d07d152b3177e3af67887d07bafb50f5d57306a382e2eae3bb9",
    "jaxcmr/components/context.py": "e7072751d5bd534e713051490fd66e1833d7698da21f03fa1a500e84060a9ee8",
    "jaxcmr/fitting/evosax.py": "2e6f6d1ce5d534043d78cc3d6afbcebe3711d9ec618ccadeb635e4a2efdb5fc4",
    "jaxcmr/loss/set_permutation_likelihood.py": "b175b12a00741ac168537938261f07dc001e4cf4fd8b1153986b7ee188a4a4b4"
  },
  "restart_selection": {
    "winner": 2,
    "fitness": [
      8244.859375,
      8245.7666015625,
      8241.9296875
    ],
    "iterations": [
      134,
      131,
      127
    ],
    "converged": [
      true,
      true,
      true
    ],
    "fit_time": [
      11193.548753172,
      8987.46667453897,
      8091.0573993109865
    ],
    "source_files": [
      "EEM_eCMR_LPP_Full_restart_0.json",
      "EEM_eCMR_LPP_Full_restart_1.json",
      "EEM_eCMR_LPP_Full_restart_2.json"
    ],
    "selection_rule": "minimum finite fitness, then lowest restart index"
  }
}
